dataset,dim,random_state,simulation_num,metric1,metric2,ipa_gradient_variance_trace,weighted_ipa_gradient_variance_trace,ipa_batched_gradient_variance,weighted_ipa_batched_gradient_variance,ipa_gradient_variance_mean_per_parameter,ipa_gradient_std_norm,ipa_gradient_mean_norm,ipa_gradient_relative_variance,ipa_gradient_loss_mean,ipa_gradient_loss_variance,gradient_variance_repeats,gradient_variance_batch_size,gradient_variance_replications,gradient_variance_samples_per_replication,gradient_variance_seed,gradient_parameter_count,ipa_gradient_weight
exp5,4,82,1,57.5339469909668,65.85610961914062,87.27581787109375,21.81895446777344,87.27581787109375,21.81895446777344,0.0028956807218492,9.34215259552002,19.85767936706543,0.221328318119049,1.6016288548707962,0.0043823198182984,8.0,16.0,1.0,137.0,30082.0,30140.0,0.5
exp5,4,82,4,57.52578353881836,65.85075378417969,6.047859191894531,1.5119647979736328,6.047859191894531,1.5119647979736328,0.0002006588911172,2.4592394828796387,18.3198184967041,0.0180201884359121,1.618657037615776,0.0006444196900228,8.0,16.0,4.0,137.0,30082.0,30140.0,0.5
exp5,4,82,16,57.51580429077149,65.84015655517578,0.986560881137848,0.2466402202844619,0.986560881137848,0.2466402202844619,3.273260881542228e-05,0.993257701396942,18.15028381347656,0.0029947259463369,1.6166032999753952,8.801291205655965e-05,8.0,16.0,16.0,137.0,30082.0,30140.0,0.5
exp5,4,82,64,57.51425552368164,65.84174346923828,1.1670149564743042,0.291753739118576,1.1670149564743042,0.291753739118576,3.8719805161235854e-05,1.0802847146987915,19.540058135986328,0.0030565024353563,1.607502356171608,2.495947659829158e-05,8.0,16.0,64.0,137.0,30082.0,30140.0,0.5
exp5,4,82,256,57.49531555175781,65.82391357421875,0.1929487138986587,0.0482371784746646,0.1929487138986587,0.0482371784746646,6.401749033102533e-06,0.4392592906951904,17.459253311157227,0.000632980838418,1.6118583232164383,1.1881209563112196e-05,8.0,16.0,256.0,137.0,30082.0,30140.0,0.5
exp5,4,15,1,267.3485107421875,152.2413330078125,79.3881607055664,19.8470401763916,79.3881607055664,19.8470401763916,0.0026339800097048,8.910003662109375,23.983402252197266,0.1380175054073333,5.141379117965698,0.0093921094398215,8.0,16.0,1.0,137.0,30015.0,30140.0,0.5
exp5,4,15,4,267.090087890625,151.81289672851562,155.9658966064453,38.99147415161133,155.9658966064453,38.99147415161133,0.0051747146062552,12.488630294799805,23.543777465820312,0.2813697159290313,5.240926921367645,0.0035757315887516,8.0,16.0,4.0,137.0,30015.0,30140.0,0.5
exp5,4,15,16,267.01531982421875,151.70526123046875,9.928921699523926,2.4822304248809814,9.928921699523926,2.4822304248809814,0.000329426722601,3.1510190963745117,25.531702041625977,0.0152314957231283,5.214548707008362,0.0004120860381817,8.0,16.0,16.0,137.0,30015.0,30140.0,0.5
exp5,4,15,64,267.1598205566406,151.783203125,2.262997627258301,0.5657494068145752,2.262997627258301,0.5657494068145752,7.508286944357678e-05,1.504326343536377,28.603355407714844,0.0027659870684146,5.208534777164459,0.0002360917024191,8.0,16.0,64.0,137.0,30015.0,30140.0,0.5
exp5,4,15,256,267.1172790527344,151.9894256591797,0.5528539419174194,0.1382134854793548,0.5528539419174194,0.1382134854793548,1.834286558732856e-05,0.7435414791107178,27.317928314208984,0.0007408238016068,5.206963002681732,4.6251716375828824e-05,8.0,16.0,256.0,137.0,30015.0,30140.0,0.5
exp5,4,4,1,199.3941192626953,286.8462219238281,12.815315246582031,3.203828811645508,12.815315246582031,3.203828811645508,0.0004251929349265,3.579848527908325,4.477560043334961,0.6392143368721008,2.4568377435207367,0.001804195466498,8.0,16.0,1.0,137.0,30004.0,30140.0,0.5
exp5,4,4,4,199.314697265625,286.7186584472656,2.057102918624878,0.5142757296562195,2.057102918624878,0.5142757296562195,6.825158925494179e-05,1.434260368347168,4.326658725738525,0.1098881140351295,2.4485439360141754,0.0007948783533028,8.0,16.0,4.0,137.0,30004.0,30140.0,0.5
exp5,4,4,16,199.332275390625,286.73876953125,0.7210185527801514,0.1802546381950378,0.7210185527801514,0.1802546381950378,2.3922313630464487e-05,0.8491281270980835,4.741666316986084,0.0320689305663108,2.460412561893463,5.8806136308930945e-05,8.0,16.0,16.0,137.0,30004.0,30140.0,0.5
exp5,4,4,64,199.33448791503903,286.7771301269531,0.0613800771534442,0.015345019288361,0.0613800771534442,0.015345019288361,2.036498926827335e-06,0.2477500289678573,5.223021030426025,0.0022500071208924,2.454794615507126,5.159118876361747e-05,8.0,16.0,64.0,137.0,30004.0,30140.0,0.5
exp5,4,4,256,199.10679626464844,286.28216552734375,0.0177669767290353,0.0044417441822588,0.0177669767290353,0.0044417441822588,5.894816581530904e-07,0.1332928240299224,4.4620585441589355,0.0008923660498112,2.450688868761062,1.0943640914108852e-06,8.0,16.0,256.0,137.0,30004.0,30140.0,0.5
exp5,4,95,1,75.40628051757812,289.48382568359375,0.5646347999572754,0.1411586999893188,0.5646347999572754,0.1411586999893188,1.8733735487330705e-05,0.7514218688011169,2.51969313621521,0.088934913277626,0.7707065567374229,3.0061599979028637e-05,8.0,16.0,1.0,137.0,30095.0,30140.0,0.5
exp5,4,95,4,75.4852066040039,289.5107727050781,0.1825262159109115,0.0456315539777278,0.1825262159109115,0.0456315539777278,6.05594595981529e-06,0.4272308647632599,2.68845534324646,0.0252533834427595,0.7742027938365936,5.689867608436673e-06,8.0,16.0,4.0,137.0,30095.0,30140.0,0.5
exp5,4,95,16,75.48216247558594,289.54937744140625,0.0471875071525573,0.0117968767881393,0.0471875071525573,0.0117968767881393,1.5656107734685063e-06,0.2172268629074096,2.5535759925842285,0.0072365151718258,0.7724798768758774,3.0301366908958016e-06,8.0,16.0,16.0,137.0,30095.0,30140.0,0.5
exp5,4,95,64,75.406494140625,289.45257568359375,0.0169680099934339,0.0042420024983584,0.0169680099934339,0.0042420024983584,5.629731276712846e-07,0.1302613168954849,2.4678289890289307,0.0027861264534294,0.7719835340976715,8.380343976861176e-07,8.0,16.0,64.0,137.0,30095.0,30140.0,0.5
exp5,4,95,256,75.41901397705078,289.633544921875,0.0028153501916676,0.0007038375479169,0.0028153501916676,0.0007038375479169,9.34090991222547e-08,0.0530598722398281,2.442676544189453,0.0004718462878372,0.7725403159856796,1.191894854559093e-07,8.0,16.0,256.0,137.0,30095.0,30140.0,0.5
exp5,4,36,1,182.7704162597656,158.9456329345703,10.795178413391112,2.6987946033477783,10.795178413391112,2.6987946033477783,0.0003581678320188,3.2856016159057617,5.575845241546631,0.3472229242324829,3.3914592564105988,0.0014786494020303,8.0,16.0,1.0,137.0,30036.0,30140.0,0.5
exp5,4,36,4,182.7493133544922,158.9146728515625,3.640271425247192,0.910067856311798,3.640271425247192,0.910067856311798,0.0001207787499879,1.9079495668411257,5.123617649078369,0.1386693120002746,3.378026843070984,0.0017969458809342,8.0,16.0,4.0,137.0,30036.0,30140.0,0.5
exp5,4,36,16,182.77667236328125,158.97682189941406,0.4558973908424377,0.1139743477106094,0.4558973908424377,0.1139743477106094,1.5125991922104731e-05,0.6752017140388489,5.318192958831787,0.0161190312355756,3.392320841550827,0.0002100134535021,8.0,16.0,16.0,137.0,30036.0,30140.0,0.5
exp5,4,36,64,182.7582092285156,158.89402770996094,0.3970557153224945,0.0992639288306236,0.3970557153224945,0.0992639288306236,1.3173713341529948e-05,0.6301235556602478,6.124922275543213,0.0105840116739273,3.3951416015625,9.568288463209942e-05,8.0,16.0,64.0,137.0,30036.0,30140.0,0.5
exp5,4,36,256,182.768310546875,159.8629608154297,0.0367859005928039,0.0091964751482009,0.0367859005928039,0.0091964751482009,1.22050096251769e-06,0.1917965114116668,6.7401275634765625,0.000809739169199,3.3840015530586243,1.3604942860670885e-05,8.0,16.0,256.0,137.0,30036.0,30140.0,0.5
exp5,4,32,1,206.85020446777344,407.9338073730469,0.3371101021766662,0.0842775255441665,0.3371101021766662,0.0842775255441665,1.1184807590325365e-05,0.5806118249893188,4.451469898223877,0.017012370750308,1.8259042501449585,0.0001506976088023,8.0,16.0,1.0,137.0,30032.0,30140.0,0.5
exp5,4,32,4,206.82742309570312,407.440185546875,0.279799073934555,0.0699497684836387,0.279799073934555,0.0699497684836387,9.283313374908175e-06,0.5289603471755981,5.021350383758545,0.0110969897359609,1.8200115263462069,8.712192369537368e-05,8.0,16.0,4.0,137.0,30032.0,30140.0,0.5
exp5,4,32,16,206.8094024658203,407.55950927734375,0.3724720180034637,0.0931180045008659,0.3724720180034637,0.0931180045008659,1.2358063031570056e-05,0.6103048324584961,4.951265811920166,0.0151936179026961,1.820697009563446,1.3725254478101436e-05,8.0,16.0,16.0,137.0,30032.0,30140.0,0.5
exp5,4,32,64,206.84678649902344,407.24359130859375,0.0187821611762046,0.0046955402940511,0.0187821611762046,0.0046955402940511,6.231639417819679e-07,0.1370480209589004,5.053503513336182,0.0007354622939601,1.819386899471283,2.7399447333209537e-06,8.0,16.0,64.0,137.0,30032.0,30140.0,0.5
exp5,4,32,256,206.79861450195312,408.06146240234375,0.0074978685006499,0.0018744671251624,0.0074978685006499,0.0018744671251624,2.487680319518404e-07,0.0865902304649353,4.7623162269592285,0.0003305988793727,1.819938242435455,1.7804631551955803e-06,8.0,16.0,256.0,137.0,30032.0,30140.0,0.5
exp5,4,29,1,309.18389892578125,210.6584625244141,46.58573532104492,11.64643383026123,46.58573532104492,11.64643383026123,0.0015456448309123,6.825374126434326,12.444448471069336,0.3008165061473846,4.076164484024048,0.0018181954144113,8.0,16.0,1.0,137.0,30029.0,30140.0,0.5
exp5,4,29,4,309.3408203125,211.13922119140625,11.397035598754885,2.8492588996887207,11.397035598754885,2.8492588996887207,0.0003781365521717,3.3759496212005615,12.518310546875,0.0727277994155883,4.124686181545258,0.00164461963098,8.0,16.0,4.0,137.0,30029.0,30140.0,0.5
exp5,4,29,16,309.1747131347656,210.7394256591797,4.559394359588623,1.1398485898971558,4.559394359588623,1.1398485898971558,0.0001512738672317,2.1352739334106445,13.15217113494873,0.026357989758253,4.100963473320007,0.0001393348988878,8.0,16.0,16.0,137.0,30029.0,30140.0,0.5
exp5,4,29,64,309.28057861328125,211.18389892578125,0.7183300256729126,0.1795825064182281,0.7183300256729126,0.1795825064182281,2.3833112209104e-05,0.8475435376167297,12.272388458251951,0.0047694225795567,4.10621190071106,3.9917109526348736e-05,8.0,16.0,64.0,137.0,30029.0,30140.0,0.5
exp5,4,29,256,309.3058166503906,211.15432739257812,0.1722916662693023,0.0430729165673255,0.1722916662693023,0.0430729165673255,5.716379291698104e-06,0.4150803089141845,12.932974815368652,0.0010300715221092,4.111572742462158,1.0725005657669887e-05,8.0,16.0,256.0,137.0,30029.0,30140.0,0.5
exp5,4,18,1,187.1889190673828,141.81973266601562,22.894275665283203,5.723568916320801,22.894275665283203,5.723568916320801,0.0007595977513119,4.784796237945557,25.76501083374023,0.0344878584146499,1.3515035808086395,0.001139364668058,8.0,16.0,1.0,137.0,30018.0,30140.0,0.5
exp5,4,18,4,187.22787475585935,142.0081787109375,4.723928451538086,1.1809821128845217,4.723928451538086,1.1809821128845217,0.0001567328581586,2.173460006713867,27.363929748535156,0.006308794952929,1.3285102546215055,0.0003239325104717,8.0,16.0,4.0,137.0,30018.0,30140.0,0.5
exp5,4,18,16,187.14056396484375,142.34750366210938,0.7353942394256592,0.1838485598564148,0.7353942394256592,0.1838485598564148,2.439927811792586e-05,0.8575512766838074,29.453105926513672,0.0008477309020236,1.3542432337999344,4.581800681055118e-05,8.0,16.0,16.0,137.0,30018.0,30140.0,0.5
exp5,4,18,64,187.24801635742188,141.63284301757812,0.2885715961456299,0.0721428990364074,0.2885715961456299,0.0721428990364074,9.574372597853651e-06,0.5371885895729065,30.203218460083008,0.0003163349174428,1.3807245939970016,2.310986725489223e-05,8.0,16.0,64.0,137.0,30018.0,30140.0,0.5
exp5,4,18,256,187.2252655029297,141.99874877929688,0.0603181011974811,0.0150795252993702,0.0603181011974811,0.0150795252993702,2.0012641925859498e-06,0.2455974370241165,26.67272186279297,8.478381641907617e-05,1.3412508815526962,2.0327880440516666e-06,8.0,16.0,256.0,137.0,30018.0,30140.0,0.5
exp5,4,14,1,95.09040832519533,166.25375366210938,13.219477653503418,3.3048694133758545,13.219477653503418,3.3048694133758545,0.000438602437498,3.635859966278076,2.3565104007720947,2.380540370941162,0.7731587886810303,0.0015865876874282,8.0,16.0,1.0,137.0,30014.0,30140.0,0.5
exp5,4,14,4,95.2790756225586,166.2401885986328,3.5927228927612305,0.8981807231903076,3.5927228927612305,0.8981807231903076,0.0001192011550301,1.8954479694366455,2.599728584289551,0.5315788388252258,0.7865795120596886,0.0002205712208841,8.0,16.0,4.0,137.0,30014.0,30140.0,0.5
exp5,4,14,16,94.92406463623048,164.68617248535156,0.6798326969146729,0.1699581742286682,0.6798326969146729,0.1699581742286682,2.255582876387052e-05,0.824519693851471,1.70388925075531,0.2341635674238205,0.7687341943383217,3.0588281342693235e-05,8.0,16.0,16.0,137.0,30014.0,30140.0,0.5
exp5,4,14,64,94.94956970214844,165.281494140625,0.1633312553167343,0.0408328138291835,0.1633312553167343,0.0408328138291835,5.419085937319323e-06,0.4041426181793213,1.6868789196014404,0.0573986284434795,0.7653995603322983,2.9307929530883063e-06,8.0,16.0,64.0,137.0,30014.0,30140.0,0.5
exp5,4,14,256,94.91445922851562,165.5481414794922,0.0234456546604633,0.0058614136651158,0.0234456546604633,0.0058614136651158,7.778916710776684e-07,0.1531197428703308,1.5508323907852173,0.0097483834251761,0.7625652328133583,1.1489255646550994e-06,8.0,16.0,256.0,137.0,30014.0,30140.0,0.5
exp5,4,87,1,324.52178955078125,185.99668884277344,68.72669982910156,17.18167495727539,68.72669982910156,17.18167495727539,0.0022802487947046,8.290156364440918,57.88998031616211,0.0205077808350324,4.586681663990021,0.0083538884736518,8.0,16.0,1.0,137.0,30087.0,30140.0,0.5
exp5,4,87,4,324.6680908203125,185.813232421875,18.91286277770996,4.72821569442749,18.91286277770996,4.72821569442749,0.00062750041252,4.3488922119140625,62.79778671264648,0.0047958833165466,4.571390211582184,0.0011317238482685,8.0,16.0,4.0,137.0,30087.0,30140.0,0.5
exp5,4,87,16,324.5289611816406,186.00599670410156,7.26699161529541,1.8167479038238523,7.26699161529541,1.8167479038238523,0.000241107889451,2.6957359313964844,55.30499649047851,0.0023758877068758,4.576815545558929,0.0012617725384213,8.0,16.0,16.0,137.0,30087.0,30140.0,0.5
exp5,4,87,64,324.6891174316406,185.8155517578125,2.869506359100342,0.7173765897750854,2.869506359100342,0.7173765897750854,9.520591993350536e-05,1.6939617395401,63.32120895385742,0.000715663365554,4.5601527094841,0.0006652330840901,8.0,16.0,64.0,137.0,30087.0,30140.0,0.5
exp5,4,87,256,324.6872863769531,185.83331298828125,0.2179958224296569,0.0544989556074142,0.2179958224296569,0.0544989556074142,7.232774350995896e-06,0.4669002294540405,62.4973030090332,5.581174264079891e-05,4.5773873925209045,9.606799062160982e-05,8.0,16.0,256.0,137.0,30087.0,30140.0,0.5
exp5,9,82,1,97.66696166992188,112.8789520263672,5.414351463317871,1.3535878658294678,5.414351463317871,1.3535878658294678,0.0001723218156257,2.326875925064087,16.138845443725586,0.02078746445477,2.3270809054374695,0.0001395278419319,8.0,16.0,1.0,137.0,30082.0,31420.0,0.5
exp5,9,82,4,97.68732452392578,112.900146484375,2.8625361919403076,0.7156340479850769,2.8625361919403076,0.7156340479850769,9.110554674407469e-05,1.6919031143188477,18.52950096130371,0.0083372639492154,2.333300292491913,8.280087201179802e-05,8.0,16.0,4.0,137.0,30082.0,31420.0,0.5
exp5,9,82,16,97.6724624633789,112.86116027832033,0.4888838231563568,0.1222209557890892,0.4888838231563568,0.1222209557890892,1.555963717692066e-05,0.699202299118042,18.541038513183594,0.0014221244491636,2.336677104234695,2.191051379339472e-05,8.0,16.0,16.0,137.0,30082.0,31420.0,0.5
exp5,9,82,64,97.64913940429688,112.82722473144533,0.1397218853235244,0.0349304713308811,0.1397218853235244,0.0349304713308811,4.446909315447556e-06,0.3737939000129699,17.00760269165039,0.0004830345569644,2.324202448129654,1.2716945043678152e-05,8.0,16.0,64.0,137.0,30082.0,31420.0,0.5
exp5,9,82,256,97.71519470214844,112.9173812866211,0.0421965345740318,0.0105491336435079,0.0421965345740318,0.0105491336435079,1.3429832961264765e-06,0.2054179459810257,17.428041458129883,0.000138924762723,2.338529109954834,8.19507753086717e-07,8.0,16.0,256.0,137.0,30082.0,31420.0,0.5
exp5,9,15,1,491.7868347167969,230.2287445068359,4.2367753982543945,1.0591938495635986,4.2367753982543945,1.0591938495635986,0.0001348432706436,2.058342933654785,11.820178031921388,0.0303240623325109,3.8209328651428223,0.0010777976276423,8.0,16.0,1.0,137.0,30015.0,31420.0,0.5
exp5,9,15,4,492.1704406738281,230.5865020751953,5.369576454162598,1.3423941135406494,5.369576454162598,1.3423941135406494,0.0001708967611193,2.317234754562378,12.856921195983888,0.0324837453663349,3.8028158247470856,0.0003399849496667,8.0,16.0,4.0,137.0,30015.0,31420.0,0.5
exp5,9,15,16,492.5242614746094,230.30465698242188,0.4982182085514068,0.1245545521378517,0.4982182085514068,0.1245545521378517,1.5856721802265383e-05,0.7058457136154175,14.864888191223145,0.002254739170894,3.853995978832245,5.318263060465662e-05,8.0,16.0,16.0,137.0,30015.0,31420.0,0.5
exp5,9,15,64,492.5062561035156,230.2769012451172,0.150848850607872,0.037712212651968,0.150848850607872,0.037712212651968,4.801045633939793e-06,0.3883926570415497,14.601784706115724,0.0007075059693306,3.8501987159252167,6.132739704258126e-06,8.0,16.0,64.0,137.0,30015.0,31420.0,0.5
exp5,9,15,256,492.5113220214844,230.31326293945312,0.0604152753949165,0.0151038188487291,0.0604152753949165,0.0151038188487291,1.922828687384026e-06,0.24579519033432,14.959383010864258,0.0002699724282138,3.8479775190353394,3.3424082143288355e-06,8.0,16.0,256.0,137.0,30015.0,31420.0,0.5
exp5,9,4,1,292.60528564453125,389.5783081054687,7.766928672790527,1.941732168197632,7.766928672790527,1.941732168197632,0.0002471969637554,2.7869210243225098,13.608026504516602,0.0419429577887058,2.164297789335251,0.0019192585593574,8.0,16.0,1.0,137.0,30004.0,31420.0,0.5
exp5,9,4,4,292.760498046875,390.9803161621094,1.4259827136993408,0.3564956784248352,1.4259827136993408,0.3564956784248352,4.5384553231997415e-05,1.1941452026367188,13.79635524749756,0.0074917888268828,2.156359851360321,0.0002913444132437,8.0,16.0,4.0,137.0,30004.0,31420.0,0.5
exp5,9,4,16,293.1789855957031,392.4060668945313,0.6572158336639404,0.1643039584159851,0.6572158336639404,0.1643039584159851,2.0917117581120692e-05,0.8106884956359863,13.903386116027832,0.0033999057486653,2.1829142570495605,0.0002611448312076,8.0,16.0,16.0,137.0,30004.0,31420.0,0.5
exp5,9,4,64,292.4695739746094,390.32525634765625,0.0518381372094154,0.0129595343023538,0.0518381372094154,0.0129595343023538,1.6498452168889344e-06,0.227679893374443,13.052762985229492,0.0003042597090825,2.1448348462581635,3.061944927752945e-05,8.0,16.0,64.0,137.0,30004.0,31420.0,0.5
exp5,9,4,256,292.14556884765625,388.8283081054687,0.0189566630870103,0.0047391657717525,0.0189566630870103,0.0047391657717525,6.033311024111754e-07,0.1376831978559494,12.96286964416504,0.0001128131116274,2.133259117603302,6.998493741353481e-06,8.0,16.0,256.0,137.0,30004.0,31420.0,0.5
exp5,9,95,1,89.23670196533203,320.4095764160156,7.00361967086792,1.75090491771698,7.00361967086792,1.75090491771698,0.0002229032397735,2.646435260772705,12.533208847045898,0.0445859506726264,0.997039057314396,0.0004983120754907,8.0,16.0,1.0,137.0,30095.0,31420.0,0.5
exp5,9,95,4,89.22294616699219,320.2147521972656,1.8501651287078855,0.4625412821769714,1.8501651287078855,0.4625412821769714,5.8884950703941286e-05,1.3602077960968018,11.435093879699709,0.0141491703689098,0.9882304891943932,7.776246553900126e-05,8.0,16.0,4.0,137.0,30095.0,31420.0,0.5
exp5,9,95,16,89.23918914794922,320.71771240234375,0.2856016755104065,0.0714004188776016,0.2856016755104065,0.0714004188776016,9.089804734685458e-06,0.5344171524047852,13.568838119506836,0.0015512271784245,0.9985129609704018,5.027093769267259e-05,8.0,16.0,16.0,137.0,30095.0,31420.0,0.5
exp5,9,95,64,89.17425537109375,320.41845703125,0.1533101946115493,0.0383275486528873,0.1533101946115493,0.0383275486528873,4.879382231592899e-06,0.3915484547615051,14.670711517333984,0.0007123094401322,1.0146672129631042,3.468419328912985e-05,8.0,16.0,64.0,137.0,30095.0,31420.0,0.5
exp5,9,95,256,89.18512725830078,320.19354248046875,0.0244038682430982,0.0061009670607745,0.0244038682430982,0.0061009670607745,7.766985277157801e-07,0.1562173813581466,13.125173568725586,0.0001416604354744,0.9981731921434402,4.9081820215742966e-06,8.0,16.0,256.0,137.0,30095.0,31420.0,0.5
exp5,9,36,1,260.9480285644531,313.78472900390625,1.6609745025634766,0.4152436256408691,1.6609745025634766,0.4152436256408691,5.286360465106554e-05,1.2887879610061646,3.005392074584961,0.1838911026716232,1.973324865102768,0.0002797178280086,8.0,16.0,1.0,137.0,30036.0,31420.0,0.5
exp5,9,36,4,260.8524169921875,314.4762268066406,1.7204115390777588,0.4301028847694397,1.7204115390777588,0.4301028847694397,5.475529906107113e-05,1.3116445541381836,2.9603793621063232,0.1963078081607818,1.9657244384288788,7.917032423015209e-05,8.0,16.0,4.0,137.0,30036.0,31420.0,0.5
exp5,9,36,16,260.89080810546875,314.7288818359375,0.5567450523376465,0.1391862630844116,0.5567450523376465,0.1391862630844116,1.7719446987030096e-05,0.7461534738540649,2.7595326900482178,0.0731114298105239,1.966648668050766,1.3504747697774227e-05,8.0,16.0,16.0,137.0,30036.0,31420.0,0.5
exp5,9,36,64,260.8345642089844,315.7099304199219,0.0532405003905296,0.0133101250976324,0.0532405003905296,0.0133101250976324,1.6944781009442522e-06,0.230739027261734,2.742596387863159,0.0070781260728836,1.9659476429224017,1.1317099122466954e-05,8.0,16.0,64.0,137.0,30036.0,31420.0,0.5
exp5,9,36,256,260.8570251464844,314.2942199707031,0.0244902465492486,0.0061225616373121,0.0244902465492486,0.0061225616373121,7.794477028255642e-07,0.156493604183197,2.929429769515991,0.0028538228943943,1.9664641320705416,5.59957091996109e-07,8.0,16.0,256.0,137.0,30036.0,31420.0,0.5
exp5,9,32,1,214.48692321777344,332.5344543457031,215.937255859375,53.98431396484375,215.937255859375,53.98431396484375,0.0068726050667464,14.69480323791504,22.537466049194336,0.4251257479190826,2.2413755357265472,0.1143026222622103,8.0,16.0,1.0,137.0,30032.0,31420.0,0.5
exp5,9,32,4,213.8405303955078,330.88043212890625,166.7047119140625,41.676177978515625,166.7047119140625,41.676177978515625,0.0053056878969073,12.911417961120604,13.524300575256348,0.9114193320274352,2.4132868349552155,0.0346285547516822,8.0,16.0,4.0,137.0,30032.0,31420.0,0.5
exp5,9,32,16,213.9445648193359,330.6107177734375,70.63651275634766,17.659128189086914,70.63651275634766,17.659128189086914,0.0022481384221464,8.404553413391113,27.04521751403809,0.0965713486075401,2.313331753015518,0.0056779288774535,8.0,16.0,16.0,137.0,30032.0,31420.0,0.5
exp5,9,32,64,214.2475128173828,330.7574157714844,20.955163955688477,5.238790988922119,20.955163955688477,5.238790988922119,0.0006669370923191,4.577681064605713,24.846412658691406,0.0339440554380416,2.3075088560581207,0.0030522106247537,8.0,16.0,64.0,137.0,30032.0,31420.0,0.5
exp5,9,32,256,214.2446746826172,330.8301696777344,7.263968467712402,1.8159921169281008,7.263968467712402,1.8159921169281008,0.0002311893185833,2.6951749324798584,25.55043601989746,0.0111269801855087,2.2892779111862183,0.000688860098275,8.0,16.0,256.0,137.0,30032.0,31420.0,0.5
exp5,9,29,1,659.9580688476562,299.3202819824219,112.8767547607422,28.219188690185547,112.8767547607422,28.219188690185547,0.0035925128031522,10.624347686767578,22.90117073059082,0.2152232229709625,6.887690961360931,0.0161717767828406,8.0,16.0,1.0,137.0,30029.0,31420.0,0.5
exp5,9,29,4,659.9182739257812,299.36883544921875,97.61976623535156,24.40494155883789,97.61976623535156,24.40494155883789,0.003106930758804,9.880271911621094,23.998157501220703,0.1695047914981842,7.003781676292419,0.0084815043364057,8.0,16.0,4.0,137.0,30029.0,31420.0,0.5
exp5,9,29,16,659.9434814453125,299.3407287597656,3.875523567199707,0.9688808917999268,3.875523567199707,0.9688808917999268,0.0001233457587659,1.9686349630355835,24.426021575927734,0.0064956848509609,6.994145512580872,0.0003094031951767,8.0,16.0,16.0,137.0,30029.0,31420.0,0.5
exp5,9,29,64,659.9489135742188,299.33734130859375,2.6542716026306152,0.6635679006576538,2.6542716026306152,0.6635679006576538,8.447713480563834e-05,1.6291935443878174,24.053606033325195,0.0045875939540565,6.990547180175781,0.0001860445995589,8.0,16.0,64.0,137.0,30029.0,31420.0,0.5
exp5,9,29,256,659.9132080078125,299.3273620605469,1.2534271478652954,0.3133567869663238,1.2534271478652954,0.3133567869663238,3.989265314885415e-05,1.1195656061172483,23.748626708984375,0.0022223992273211,6.996848702430725,6.115764600573519e-05,8.0,16.0,256.0,137.0,30029.0,31420.0,0.5
exp5,9,18,1,287.9618225097656,386.9888916015625,4.023285865783691,1.0058214664459229,4.023285865783691,1.0058214664459229,0.0001280485594179,2.0058131217956543,7.980444431304932,0.063172310590744,2.434167742729187,0.0002746959606676,8.0,16.0,1.0,137.0,30018.0,31420.0,0.5
exp5,9,18,4,287.1777648925781,384.8727416992187,0.2408342957496643,0.060208573937416,0.2408342957496643,0.060208573937416,7.664999429835007e-06,0.4907487034797668,3.01469349861145,0.0264991540461778,2.4132534861564636,3.874911019709414e-05,8.0,16.0,4.0,137.0,30018.0,31420.0,0.5
exp5,9,18,16,287.0928039550781,384.6665954589844,0.3230909407138824,0.0807727351784706,0.3230909407138824,0.0807727351784706,1.0282970833941364e-05,0.5684108734130859,3.0344812870025635,0.0350877791643142,2.4084283113479614,3.172014776607414e-05,8.0,16.0,16.0,137.0,30018.0,31420.0,0.5
exp5,9,18,64,287.1544494628906,390.1727294921875,0.0782807022333145,0.0195701755583286,0.0782807022333145,0.0195701755583286,2.4914290861488553e-06,0.2797868847846985,2.617299318313598,0.0114274136722087,2.402917861938477,9.21825552982877e-06,8.0,16.0,64.0,137.0,30018.0,31420.0,0.5
exp5,9,18,256,287.16583251953125,384.7965087890625,0.0087182307615876,0.0021795576903969,0.0087182307615876,0.0021795576903969,2.77473930054839e-07,0.0933714658021926,3.314540386199951,0.0007935636094771,2.4116111993789673,1.4436184788532306e-06,8.0,16.0,256.0,137.0,30018.0,31420.0,0.5
exp5,9,14,1,110.22679901123048,281.7067565917969,0.4983627796173095,0.1245906949043273,0.4983627796173095,0.1245906949043273,1.5861323845456354e-05,0.7059481143951416,6.228852272033691,0.0128448652103543,1.466952562332153,0.000196478392419,8.0,16.0,1.0,137.0,30014.0,31420.0,0.5
exp5,9,14,4,110.17675018310548,281.5563049316406,0.1780851036310196,0.0445212759077549,0.1780851036310196,0.0445212759077549,5.667890036420431e-06,0.422001302242279,5.947000503540039,0.005035372916609,1.4604418873786926,2.1204453085082215e-05,8.0,16.0,4.0,137.0,30014.0,31420.0,0.5
exp5,9,14,16,110.2551727294922,281.8796081542969,0.0218482222408056,0.0054620555602014,0.0218482222408056,0.0054620555602014,6.953603701731481e-07,0.1478114426136016,6.256793975830078,0.0005581005243584,1.4639782458543775,3.8045251477468256e-06,8.0,16.0,16.0,137.0,30014.0,31420.0,0.5
exp5,9,14,64,110.2893295288086,281.8436584472656,0.0207540560513734,0.0051885140128433,0.0207540560513734,0.0051885140128433,6.60536500163289e-07,0.1440626829862594,5.648919582366943,0.0006503875483758,1.4564169347286224,1.943266721379392e-06,8.0,16.0,64.0,137.0,30014.0,31420.0,0.5
exp5,9,14,256,110.05494689941406,281.39923095703125,0.0048586437478661,0.0012146609369665,0.0048586437478661,0.0012146609369665,1.5463538716176117e-07,0.0697039738297462,5.899059295654297,0.0001396206062054,1.461798518896103,6.200710903466902e-07,8.0,16.0,256.0,137.0,30014.0,31420.0,0.5
exp5,9,87,1,99.03192138671876,61.21735000610352,24.516273498535156,6.129068374633789,24.516273498535156,6.129068374633789,0.0007802760228514,4.951391220092773,15.07099437713623,0.1079370826482772,9.373242497444153,0.0030308310873903,8.0,16.0,1.0,137.0,30087.0,31420.0,0.5
exp5,9,87,4,99.08727264404295,61.17464447021485,6.242588996887207,1.5606472492218018,6.242588996887207,1.5606472492218018,0.0001986820134334,2.4985172748565674,9.621539115905762,0.0674334838986396,9.367043256759644,0.0012861954366729,8.0,16.0,4.0,137.0,30087.0,31420.0,0.5
exp5,9,87,16,99.00364685058594,61.194725036621094,0.8820605278015137,0.2205151319503784,0.8820605278015137,0.2205151319503784,2.8073218345525675e-05,0.9391807913780212,13.466336250305176,0.0048640659078955,9.378637552261353,7.767819566392323e-05,8.0,16.0,16.0,137.0,30087.0,31420.0,0.5
exp5,9,87,64,99.14903259277344,61.19227981567383,0.2107335478067398,0.0526833869516849,0.2107335478067398,0.0526833869516849,6.7069877331960015e-06,0.4590572416782379,9.317575454711914,0.0024273244198411,9.385494112968445,8.798353141108757e-05,8.0,16.0,64.0,137.0,30087.0,31420.0,0.5
exp5,9,87,256,99.14043426513672,61.18852233886719,0.0809911340475082,0.020247783511877,0.0809911340475082,0.020247783511877,2.5776937491173157e-06,0.284589409828186,9.6181640625,0.0008754938025958,9.37930154800415,1.858232462836895e-05,8.0,16.0,256.0,137.0,30087.0,31420.0,0.5
exp5,14,82,1,176.7816925048828,195.52276611328125,33.332828521728516,8.333207130432129,33.332828521728516,8.333207130432129,0.0010193525813519,5.773458957672119,2.240673542022705,6.63918924331665,3.6678368151187897,0.0085550999773746,8.0,16.0,1.0,137.0,30082.0,32700.0,0.5
exp5,14,82,4,176.7729034423828,195.5109710693359,5.9309515953063965,1.4827378988265991,5.9309515953063965,1.4827378988265991,0.0001813746639527,2.435354471206665,2.3894574642181396,1.0387852191925049,3.647979021072388,0.0017352194190607,8.0,16.0,4.0,137.0,30082.0,32700.0,0.5
exp5,14,82,16,176.83453369140625,195.5155029296875,3.0276076793670654,0.7569019198417664,3.0276076793670654,0.7569019198417664,9.258739009965213e-05,1.740002155303955,2.834418535232544,0.3768527209758758,3.6811119318008423,0.0005247217039498,8.0,16.0,16.0,137.0,30082.0,32700.0,0.5
exp5,14,82,64,176.78562927246094,195.5204162597656,0.5603240728378296,0.1400810182094574,0.5603240728378296,0.1400810182094574,1.7135293091996573e-05,0.7485479712486267,2.338947296142578,0.1024232059717178,3.670145660638809,7.927932736911154e-05,8.0,16.0,64.0,137.0,30082.0,32700.0,0.5
exp5,14,82,256,176.79006958007812,195.54135131835935,0.1793141514062881,0.044828537851572,0.1793141514062881,0.044828537851572,5.48361322216806e-06,0.4234550297260284,2.3296422958374023,0.0330396965146064,3.6698441207408905,2.664000796873519e-05,8.0,16.0,256.0,137.0,30082.0,32700.0,0.5
exp5,14,15,1,740.0341186523438,516.6617431640625,57.40259552001953,14.350648880004885,57.40259552001953,14.350648880004885,0.0017554310616105,7.576449871063232,17.14426040649414,0.1952963024377823,5.071429371833801,0.0036813056412776,8.0,16.0,1.0,137.0,30015.0,32700.0,0.5
exp5,14,15,4,740.2598266601562,516.4525146484375,22.22694969177246,5.556737422943115,22.22694969177246,5.556737422943115,0.000679723219946,4.7145466804504395,14.929763793945312,0.0997180938720703,5.034023642539978,0.0009154087128178,8.0,16.0,4.0,137.0,30015.0,32700.0,0.5
exp5,14,15,16,740.2160034179688,516.588623046875,4.992526054382324,1.248131513595581,4.992526054382324,1.248131513595581,0.0001526766427559,2.23439621925354,18.944320678710938,0.0139111261814832,5.07662707567215,0.0008260229118174,8.0,16.0,16.0,137.0,30015.0,32700.0,0.5
exp5,14,15,64,740.2781982421875,516.5112915039062,1.5694737434387207,0.3923684358596802,1.5694737434387207,0.3923684358596802,4.799613816430792e-05,1.25278639793396,18.106304168701172,0.0047873416915535,5.058283030986786,0.0001235560995504,8.0,16.0,64.0,137.0,30015.0,32700.0,0.5
exp5,14,15,256,740.1737060546875,516.6238403320312,0.4188255071640014,0.1047063767910003,0.4188255071640014,0.1047063767910003,1.2808119208784774e-05,0.6471672654151917,17.59281349182129,0.0013532016891986,5.060181975364685,1.9980473211944627e-05,8.0,16.0,256.0,137.0,30015.0,32700.0,0.5
exp5,14,4,1,253.96974182128903,345.13323974609375,5.898735046386719,1.4746837615966797,5.898735046386719,1.4746837615966797,0.000180389455636,2.4287312030792236,3.0815932750701904,0.6211668252944946,2.154557943344116,0.0023658804544278,8.0,16.0,1.0,137.0,30004.0,32700.0,0.5
exp5,14,4,4,254.13914489746097,347.90576171875,2.2259299755096436,0.5564824938774109,2.2259299755096436,0.5564824938774109,6.807125464547426e-05,1.491955041885376,3.115389585494995,0.2293436825275421,2.1683631539344788,0.0004122942665024,8.0,16.0,4.0,137.0,30004.0,32700.0,0.5
exp5,14,4,16,254.5889587402344,346.51629638671875,0.5547043085098267,0.1386760771274566,0.5547043085098267,0.1386760771274566,1.696343497314956e-05,0.7447847127914429,4.440756320953369,0.0281285680830478,2.1866706907749176,0.0001068216129484,8.0,16.0,16.0,137.0,30004.0,32700.0,0.5
exp5,14,4,64,253.9460296630859,345.8130798339844,0.1486313939094543,0.0371578484773635,0.1486313939094543,0.0371578484773635,4.545302545011509e-06,0.3855274319648742,2.798807382583618,0.0189742464572191,2.1707145273685455,2.73045540087732e-05,8.0,16.0,64.0,137.0,30004.0,32700.0,0.5
exp5,14,4,256,253.8392333984375,346.19061279296875,0.0179323423653841,0.004483085591346,0.0179323423653841,0.004483085591346,5.4838966434545e-07,0.1339116990566253,2.773258686065674,0.002331611700356,2.1693383157253265,1.0579087512293686e-05,8.0,16.0,256.0,137.0,30004.0,32700.0,0.5
exp5,14,95,1,52.93174743652344,157.30050659179688,7.707322120666504,1.926830530166626,7.707322120666504,1.926830530166626,0.0002356979239266,2.7762064933776855,2.0240092277526855,1.8813886642456057,1.0694687068462372,0.0011787422755793,8.0,16.0,1.0,137.0,30095.0,32700.0,0.5
exp5,14,95,4,52.94537734985352,157.6184844970703,1.6919593811035156,0.4229898452758789,1.6919593811035156,0.4229898452758789,5.17418775416445e-05,1.3007533550262451,1.920318365097046,0.4588212072849273,1.0539661943912506,0.0001401825303964,8.0,16.0,4.0,137.0,30095.0,32700.0,0.5
exp5,14,95,16,52.811058044433594,157.42843627929688,1.288524150848389,0.3221310377120971,1.288524150848389,0.3221310377120971,3.940440728911199e-05,1.1351318359375,1.3593933582305908,0.6972720623016357,1.0552553236484528,9.013370664640824e-05,8.0,16.0,16.0,137.0,30095.0,32700.0,0.5
exp5,14,95,64,52.99079513549805,157.37074279785156,0.1472189873456955,0.0368047468364238,0.1472189873456955,0.0368047468364238,4.502109732129611e-06,0.3836912512779236,1.461814284324646,0.0688936784863472,1.0523326694965365,9.210287019405831e-06,8.0,16.0,64.0,137.0,30095.0,32700.0,0.5
exp5,14,95,256,52.923492431640625,157.32101440429688,0.0516223236918449,0.0129055809229612,0.0516223236918449,0.0129055809229612,1.5786642961757025e-06,0.2272054702043533,1.4383809566497805,0.0249511022120714,1.0519433319568634,5.130546236996127e-06,8.0,16.0,256.0,137.0,30095.0,32700.0,0.5
exp5,14,36,1,108.08206939697266,194.73533630371097,0.312140941619873,0.0780352354049682,0.312140941619873,0.0780352354049682,9.545594366500154e-06,0.5586957335472107,3.2846999168395996,0.028930727392435,1.4495095610618591,0.0001945662059849,8.0,16.0,1.0,137.0,30036.0,32700.0,0.5
exp5,14,36,4,108.07752227783205,194.58169555664065,0.1322847753763198,0.0330711938440799,0.1322847753763198,0.0330711938440799,4.045406058139633e-06,0.3637097477912903,3.2497212886810303,0.0125261507928371,1.4480698555707932,4.443865213511954e-05,8.0,16.0,4.0,137.0,30036.0,32700.0,0.5
exp5,14,36,16,108.079345703125,194.6097717285156,0.0316637083888053,0.0079159270972013,0.0316637083888053,0.0079159270972013,9.68309109339316e-07,0.1779429912567138,3.063009738922119,0.0033749321009963,1.4491403996944427,9.007399803806491e-06,8.0,16.0,16.0,137.0,30036.0,32700.0,0.5
exp5,14,36,64,108.0853271484375,194.54669189453125,0.0071585229597985,0.0017896307399496,0.0071585229597985,0.0017896307399496,2.189150762887948e-07,0.0846080556511879,3.189301013946533,0.000703772646375,1.4467587620019913,6.911497931432515e-07,8.0,16.0,64.0,137.0,30036.0,32700.0,0.5
exp5,14,36,256,108.0927276611328,194.61573791503903,0.0015489584766328,0.0003872396191582,0.0015489584766328,0.0003872396191582,4.7368761357802214e-08,0.0393568091094493,3.141087532043457,0.0001569927990203,1.4470351189374924,3.571514190424198e-07,8.0,16.0,256.0,137.0,30036.0,32700.0,0.5
exp5,14,32,1,76.30191040039062,300.0268249511719,1.454790711402893,0.3636976778507232,1.454790711402893,0.3636976778507232,4.448901381692849e-05,1.206147074699402,0.6015465259552002,4.020333290100098,0.4626998677849769,1.6726355803837428e-05,8.0,16.0,1.0,137.0,30032.0,32700.0,0.5
exp5,14,32,4,76.30179595947266,300.0221252441406,0.1701169908046722,0.042529247701168,0.1701169908046722,0.042529247701168,5.202354259381536e-06,0.4124523997306824,0.841461181640625,0.2402589172124862,0.4655194990336895,2.0280561672929892e-05,8.0,16.0,4.0,137.0,30032.0,32700.0,0.5
exp5,14,32,16,76.314697265625,300.0323486328125,0.0472613312304019,0.0118153328076004,0.0472613312304019,0.0118153328076004,1.4453006542680669e-06,0.2173967212438583,0.7487807273864746,0.0842939913272857,0.4646297357976436,3.984476168038066e-06,8.0,16.0,16.0,137.0,30032.0,32700.0,0.5
exp5,14,32,64,76.28028106689453,300.02679443359375,0.0109343761578202,0.002733594039455,0.0109343761578202,0.002733594039455,3.343845946801594e-07,0.104567565023899,0.6575546264648438,0.0252889227122068,0.4646959044039249,4.514535316849485e-07,8.0,16.0,64.0,137.0,30032.0,32700.0,0.5
exp5,14,32,256,76.2805404663086,300.03729248046875,0.0014204467879608,0.0003551116969902,0.0014204467879608,0.0003551116969902,4.343873882817206e-08,0.0376888141036033,0.6660228967666626,0.003202186897397,0.4639859832823276,1.79052148964663e-07,8.0,16.0,256.0,137.0,30032.0,32700.0,0.5
exp5,14,29,1,990.19873046875,518.4412841796875,1360.828125,340.20703125,1360.828125,340.20703125,0.0416155382990837,36.889404296875,19.4601993560791,3.593425989151001,6.767323434352875,0.0556030512177544,8.0,16.0,1.0,137.0,30029.0,32700.0,0.5
exp5,14,29,4,990.328125,518.4010620117188,163.54237365722656,40.88559341430664,163.54237365722656,40.88559341430664,0.0050012958236038,12.788368225097656,8.932941436767578,2.049468994140625,6.591687619686127,0.0097444327693949,8.0,16.0,4.0,137.0,30029.0,32700.0,0.5
exp5,14,29,16,990.3142700195312,518.7506713867188,41.70870590209961,10.427176475524902,41.70870590209961,10.427176475524902,0.0012754956260323,6.458227634429932,8.696555137634277,0.551483154296875,6.557320237159729,0.0018207020149247,8.0,16.0,16.0,137.0,30029.0,32700.0,0.5
exp5,14,29,64,990.355224609375,518.5723876953125,5.887918472290039,1.4719796180725098,5.887918472290039,1.4719796180725098,0.0001800586760509,2.426503419876098,8.87248420715332,0.0747947916388511,6.588991463184357,0.000870951183381,8.0,16.0,64.0,137.0,30029.0,32700.0,0.5
exp5,14,29,256,990.430908203125,518.775390625,0.943567991256714,0.2358919978141784,0.943567991256714,0.2358919978141784,2.8855291020590812e-05,0.9713742733001708,8.953028678894043,0.0117715401574969,6.589691162109375,0.0001068955345674,8.0,16.0,256.0,137.0,30029.0,32700.0,0.5
exp5,14,18,1,652.61376953125,507.1104736328125,129.87265014648438,32.468162536621094,129.87265014648438,32.468162536621094,0.0039716404862701,11.396167755126951,4.815677165985107,5.600192546844482,3.8005110323429103,0.0095084516827737,8.0,16.0,1.0,137.0,30018.0,32700.0,0.5
exp5,14,18,4,652.5621948242188,507.03070068359375,35.458961486816406,8.864740371704102,35.458961486816406,8.864740371704102,0.0010843719355762,5.954742908477783,5.05441427230835,1.3879835605621338,3.768455743789673,0.0018903277098486,8.0,16.0,4.0,137.0,30018.0,32700.0,0.5
exp5,14,18,16,652.6372680664062,507.0142517089844,18.29713249206543,4.574283123016357,18.29713249206543,4.574283123016357,0.0005595453549176,4.277514934539795,5.395753383636475,0.6284617185592651,3.760320752859115,0.0011579568400088,8.0,16.0,16.0,137.0,30018.0,32700.0,0.5
exp5,14,18,64,652.5881958007812,507.0383911132813,4.5744524002075195,1.14361310005188,4.5744524002075195,1.14361310005188,0.0001398915046593,2.1387970447540283,4.788468360900879,0.1995013803243637,3.7694336771965022,0.0002988939760005,8.0,16.0,64.0,137.0,30018.0,32700.0,0.5
exp5,14,18,256,652.578369140625,507.02978515625,1.4155614376068115,0.3538903594017029,1.4155614376068115,0.3538903594017029,4.32893393735867e-05,1.189773678779602,5.184676170349121,0.0526605620980262,3.764254868030548,0.0001018897996435,8.0,16.0,256.0,137.0,30018.0,32700.0,0.5
exp5,14,14,1,133.44674682617188,273.31512451171875,106.84487915039062,26.711219787597656,106.84487915039062,26.711219787597656,0.0032674274407327,10.33657932281494,7.547951698303223,1.8754067420959473,2.6985394954681396,0.0039855105407663,8.0,16.0,1.0,137.0,30014.0,32700.0,0.5
exp5,14,14,4,133.45675659179688,273.4375915527344,4.065767765045166,1.0164419412612915,4.065767765045166,1.0164419412612915,0.0001243354054167,2.0163748264312744,6.93475866317749,0.0845434293150901,2.678856074810028,0.0003279110413935,8.0,16.0,4.0,137.0,30014.0,32700.0,0.5
exp5,14,14,16,133.1226043701172,272.3179626464844,0.7284802794456482,0.182120069861412,0.7284802794456482,0.182120069861412,2.227768527518492e-05,0.8535105586051941,7.387462139129639,0.013348339125514,2.691492408514023,6.0719704979054055e-05,8.0,16.0,16.0,137.0,30014.0,32700.0,0.5
exp5,14,14,64,133.07159423828125,271.863525390625,0.4114101529121399,0.1028525382280349,0.4114101529121399,0.1028525382280349,1.258135034731822e-05,0.641412615776062,6.558589935302734,0.0095643186941742,2.6860271096229553,2.9722493402622213e-05,8.0,16.0,64.0,137.0,30014.0,32700.0,0.5
exp5,14,14,256,133.2042236328125,272.0049743652344,0.2934370338916778,0.0733592584729194,0.2934370338916778,0.0733592584729194,8.973609510576352e-06,0.5416982769966125,7.509871006011963,0.0052029537037014,2.6933926045894623,1.1593473052430778e-05,8.0,16.0,256.0,137.0,30014.0,32700.0,0.5
exp5,14,87,1,618.0364379882812,332.0512390136719,609.9453125,152.486328125,609.9453125,152.486328125,0.0186527613550424,24.697071075439453,27.197751998901367,0.8245649933815002,4.866050183773041,0.0190254052414949,8.0,16.0,1.0,137.0,30087.0,32700.0,0.5
exp5,14,87,4,618.1027221679688,330.27880859375,58.18885803222656,14.54721450805664,58.18885803222656,14.54721450805664,0.0017794758314266,7.628162384033203,27.920103073120117,0.0746458768844604,4.925919711589813,0.0009872479851854,8.0,16.0,4.0,137.0,30087.0,32700.0,0.5
exp5,14,87,16,618.1168823242188,330.4876403808594,6.647715091705322,1.6619287729263306,6.647715091705322,1.6619287729263306,0.0002032940392382,2.5783162117004395,27.273576736450195,0.0089369276538491,4.88885772228241,0.0004910429870993,8.0,16.0,16.0,137.0,30087.0,32700.0,0.5
exp5,14,87,64,618.1204223632812,330.4049377441406,2.270637035369873,0.5676592588424683,2.270637035369873,0.5676592588424683,6.943844346096739e-05,1.506863355636597,27.947494506835938,0.0029071131721138,4.899234235286713,0.0001619063383283,8.0,16.0,64.0,137.0,30087.0,32700.0,0.5
exp5,14,87,256,618.2034912109375,330.5646667480469,0.6992518901824951,0.1748129725456237,0.6992518901824951,0.1748129725456237,2.138385025318712e-05,0.8362128138542175,28.552762985229492,0.0008577039116062,4.913841545581818,1.844573053842526e-05,8.0,16.0,256.0,137.0,30087.0,32700.0,0.5
exp5,19,82,1,270.5167541503906,328.824462890625,4.637664318084717,1.1594160795211792,4.637664318084717,1.1594160795211792,0.0001364821800962,2.1535236835479736,12.49117946624756,0.0297229867428541,2.8065833151340485,0.000307563977197,8.0,16.0,1.0,137.0,30082.0,33980.0,0.5
exp5,19,82,4,270.8133239746094,328.6224365234375,1.6886298656463623,0.4221574664115906,1.6886298656463623,0.4221574664115906,4.969481597072445e-05,1.2994729280471802,12.38978099822998,0.0110003668814897,2.788100153207779,0.000148784989261,8.0,16.0,4.0,137.0,30082.0,33980.0,0.5
exp5,19,82,16,270.5552062988281,328.8801574707031,0.7198325395584106,0.1799581348896026,0.7198325395584106,0.1799581348896026,2.118400698236655e-05,0.8484294414520264,12.821541786193848,0.0043787583708763,2.800643026828766,7.980708352712489e-05,8.0,16.0,16.0,137.0,30082.0,33980.0,0.5
exp5,19,82,64,270.52703857421875,328.85498046875,0.1653724610805511,0.0413431152701377,0.1653724610805511,0.0413431152701377,4.866758899879642e-06,0.4066601395606994,12.861050605773926,0.0009997935267165,2.8070971071720123,1.1775650606742666e-05,8.0,16.0,64.0,137.0,30082.0,33980.0,0.5
exp5,19,82,256,270.60015869140625,328.8703308105469,0.0373536497354507,0.0093384124338626,0.0373536497354507,0.0093384124338626,1.0992833949785563e-06,0.1932709217071533,12.33763599395752,0.0002453969500493,2.8024202287197113,4.1476286491664335e-06,8.0,16.0,256.0,137.0,30082.0,33980.0,0.5
exp5,19,15,1,665.107177734375,399.2635803222656,221.926025390625,55.48150634765625,221.926025390625,55.48150634765625,0.006531077902764,14.897181510925291,5.7557549476623535,6.698902130126953,6.186507940292358,0.004973600514534,8.0,16.0,1.0,137.0,30015.0,33980.0,0.5
exp5,19,15,4,666.5762939453125,398.9084777832031,67.24188995361328,16.81047248840332,67.24188995361328,16.81047248840332,0.0019788667559623,8.200115203857422,4.527511119842529,3.2803549766540527,6.239493787288666,0.0048896203609233,8.0,16.0,4.0,137.0,30015.0,33980.0,0.5
exp5,19,15,16,665.2007446289062,399.2390747070313,3.8846640586853023,0.9711660146713256,3.8846640586853023,0.9711660146713256,0.000114322072477,1.9709551334381104,4.07327938079834,0.2341343015432357,6.22240948677063,0.0004248525294445,8.0,16.0,16.0,137.0,30015.0,33980.0,0.5
exp5,19,15,64,665.5028686523438,401.430908203125,1.124655842781067,0.2811639606952667,1.124655842781067,0.2811639606952667,3.3097581763286144e-05,1.0604978799819946,5.346263408660889,0.0393476597964763,6.226525902748108,0.0001646089457705,8.0,16.0,64.0,137.0,30015.0,33980.0,0.5
exp5,19,15,256,665.322998046875,400.92388916015625,0.2899585664272308,0.0724896416068077,0.2899585664272308,0.0724896416068077,8.533213076589163e-06,0.5384780168533325,4.260215759277344,0.0159761719405651,6.211581647396088,2.106058078408881e-05,8.0,16.0,256.0,137.0,30015.0,33980.0,0.5
exp5,19,4,1,102.97399139404295,170.1739044189453,1.0941903591156006,0.2735475897789001,1.0941903591156006,0.2735475897789001,3.220101280021481e-05,1.0460355281829834,8.505209922790527,0.0151259554550051,2.5462094843387604,0.0002481956099527,8.0,16.0,1.0,137.0,30004.0,33980.0,0.5
exp5,19,4,4,103.18375396728516,170.14427185058594,0.2209801971912384,0.0552450492978096,0.2209801971912384,0.0552450492978096,6.503243184852181e-06,0.4700853228569031,8.258353233337402,0.0032401601783931,2.5538075864315033,5.782763951397588e-05,8.0,16.0,4.0,137.0,30004.0,33980.0,0.5
exp5,19,4,16,103.01636505126952,170.1909637451172,0.1295681297779083,0.032392032444477,0.1295681297779083,0.032392032444477,3.813070406977204e-06,0.3599557280540466,8.022797584533691,0.0020130125340074,2.547778844833374,2.1581378859991673e-05,8.0,16.0,16.0,137.0,30004.0,33980.0,0.5
exp5,19,4,64,102.98594665527344,170.26339721679688,0.0191924888640642,0.004798122216016,0.0191924888640642,0.004798122216016,5.648171850225481e-07,0.1385369598865509,7.932322978973389,0.0003050215600524,2.5422366559505463,7.197585870041426e-06,8.0,16.0,64.0,137.0,30004.0,33980.0,0.5
exp5,19,4,256,103.17185974121094,170.09677124023438,0.0029653254896402,0.00074133137241,0.0029653254896402,0.00074133137241,8.726679112669444e-08,0.0544548034667968,7.921091556549072,4.726093538920395e-05,2.544673800468445,5.461447147224265e-07,8.0,16.0,256.0,137.0,30004.0,33980.0,0.5
exp5,19,95,1,146.40182495117188,602.3853149414062,5.428764820098877,1.3571912050247192,5.428764820098877,1.3571912050247192,0.0001597635273355,2.3299710750579834,10.868267059326172,0.0459600426256656,0.9426500126719476,0.0003345751830866,8.0,16.0,1.0,137.0,30095.0,33980.0,0.5
exp5,19,95,4,146.5377960205078,601.4749145507812,1.437028408050537,0.3592571020126343,1.437028408050537,0.3592571020126343,4.229041951475665e-05,1.198761224746704,11.334968566894531,0.0111847100779414,0.9489051401615144,0.0001779406214887,8.0,16.0,4.0,137.0,30095.0,33980.0,0.5
exp5,19,95,16,146.45101928710938,601.5674438476562,0.5676421523094177,0.1419105380773544,0.5676421523094177,0.1419105380773544,1.6705183952581137e-05,0.7534202933311462,11.822704315185549,0.0040610749274492,0.9509452506899834,3.900463412565003e-05,8.0,16.0,16.0,137.0,30095.0,33980.0,0.5
exp5,19,95,64,146.51712036132812,601.5143432617188,0.0744101703166961,0.018602542579174,0.0744101703166961,0.018602542579174,2.189822453146917e-06,0.2727822661399841,11.665618896484377,0.0005467851296998,0.950490839779377,8.999794066496694e-06,8.0,16.0,64.0,137.0,30095.0,33980.0,0.5
exp5,19,95,256,146.51358032226562,601.1301879882812,0.0318896397948265,0.0079724099487066,0.0318896397948265,0.0079724099487066,9.384826284986048e-07,0.1785767078399658,11.858502388000488,0.0002267722447868,0.9525008872151376,1.2791571377362182e-06,8.0,16.0,256.0,137.0,30095.0,33980.0,0.5
exp5,19,36,1,393.2496032714844,444.4056396484375,4.2162322998046875,1.054058074951172,4.2162322998046875,1.054058074951172,0.0001240798155777,2.053346633911133,9.54079818725586,0.0463185645639896,3.0401089191436768,0.0001909665692859,8.0,16.0,1.0,137.0,30036.0,33980.0,0.5
exp5,19,36,4,391.7895812988281,438.1800842285156,2.206898927688598,0.5517247319221497,2.206898927688598,0.5517247319221497,6.494699482573196e-05,1.4855635166168213,8.626546859741211,0.0296557191759347,3.026179999113083,9.45785399874158e-05,8.0,16.0,4.0,137.0,30036.0,33980.0,0.5
exp5,19,36,16,391.93109130859375,438.5305480957031,0.2474309056997299,0.0618577264249324,0.2474309056997299,0.0618577264249324,7.281662874447648e-06,0.4974242746829986,6.699557781219482,0.0055126664228737,3.011995494365692,5.065697755363934e-06,8.0,16.0,16.0,137.0,30036.0,33980.0,0.5
exp5,19,36,64,391.6248474121094,431.2974548339844,0.1003125458955764,0.0250781364738941,0.1003125458955764,0.0250781364738941,2.952105432996177e-06,0.3167215585708618,5.2275896072387695,0.0036707285325974,3.039397567510605,6.473671954308559e-06,8.0,16.0,64.0,137.0,30036.0,33980.0,0.5
exp5,19,36,256,392.978515625,444.37603759765625,0.0168714225292205,0.0042178556323051,0.0168714225292205,0.0042178556323051,4.965103812537563e-07,0.129890039563179,9.256318092346191,0.0001969133445527,3.040041744709015,5.950258607104583e-07,8.0,16.0,256.0,137.0,30036.0,33980.0,0.5
exp5,19,32,1,227.54791259765625,667.779296875,0.6718906164169312,0.1679726541042328,0.6718906164169312,0.1679726541042328,1.9773120584432036e-05,0.8196893334388733,4.213502883911133,0.0378453060984611,1.8259593695402143,0.0001983645042284,8.0,16.0,1.0,137.0,30032.0,33980.0,0.5
exp5,19,32,4,227.56570434570312,668.0051879882812,0.0709926635026931,0.0177481658756732,0.0709926635026931,0.0177481658756732,2.089248482661787e-06,0.2664444744586944,4.141183853149414,0.0041396580636501,1.8247153460979464,8.682012312379226e-06,8.0,16.0,4.0,137.0,30032.0,33980.0,0.5
exp5,19,32,16,227.5647735595703,668.5131225585938,0.0282113887369632,0.0070528471842408,0.0282113887369632,0.0070528471842408,8.302350806843606e-07,0.1679624617099762,4.038976669311523,0.0017293456476181,1.824611619114876,4.790017092811841e-06,8.0,16.0,16.0,137.0,30032.0,33980.0,0.5
exp5,19,32,64,227.5490570068359,667.3878784179688,0.0061101792380213,0.0015275448095053,0.0061101792380213,0.0015275448095053,1.7981692224111614e-07,0.0781676322221756,4.163476943969727,0.0003524858038872,1.826404631137848,2.142332651341609e-06,8.0,16.0,64.0,137.0,30032.0,33980.0,0.5
exp5,19,32,256,227.5615997314453,668.5994262695312,0.0008443287224508,0.0002110821806127,0.0008443287224508,0.0002110821806127,2.4847814472650498e-08,0.0290573351085186,4.106130599975586,5.0077895139111206e-05,1.824939176440239,2.865070961429898e-07,8.0,16.0,256.0,137.0,30032.0,33980.0,0.5
exp5,19,29,1,568.4140625,397.7503051757813,4.464850425720215,1.1162126064300537,4.464850425720215,1.1162126064300537,0.0001313964166911,2.1130192279815674,6.687731742858887,0.0998272821307182,6.755221784114838,0.001936586813855,8.0,16.0,1.0,137.0,30029.0,33980.0,0.5
exp5,19,29,4,568.2246704101562,397.6274108886719,1.1244707107543943,0.2811176776885986,1.1244707107543943,0.2811176776885986,3.309213570901193e-05,1.0604106187820437,7.11281156539917,0.0222262181341648,6.758786380290985,0.0005766130681316,8.0,16.0,4.0,137.0,30029.0,33980.0,0.5
exp5,19,29,16,568.292724609375,397.7325744628906,0.2621632218360901,0.0655408054590225,0.2621632218360901,0.0655408054590225,7.715221727266908e-06,0.5120187401771545,7.1943888664245605,0.0050650523044168,6.746186375617981,3.775624429636082e-05,8.0,16.0,16.0,137.0,30029.0,33980.0,0.5
exp5,19,29,64,568.3377075195312,397.7147216796875,0.066036432981491,0.0165091082453727,0.066036432981491,0.0165091082453727,1.943391225722735e-06,0.2569755613803863,7.525716781616211,0.0011659712763503,6.754181265830994,1.5203204433029377e-05,8.0,16.0,64.0,137.0,30029.0,33980.0,0.5
exp5,19,29,256,568.1592407226562,397.6925354003906,0.014958064071834,0.0037395160179585,0.014958064071834,0.0037395160179585,4.402020010729757e-07,0.1223031654953956,7.0872321128845215,0.0002977981930598,6.7481666803359985,4.383480229210233e-06,8.0,16.0,256.0,137.0,30029.0,33980.0,0.5
exp5,19,18,1,517.9854125976562,418.8769836425781,182.596435546875,45.64910888671875,182.596435546875,45.64910888671875,0.0053736441768705,13.512825012207031,28.775503158569336,0.2205192297697067,2.782844513654709,0.010126310797374,8.0,16.0,1.0,137.0,30018.0,33980.0,0.5
exp5,19,18,4,517.855224609375,418.766357421875,94.60421752929688,23.65105438232422,94.60421752929688,23.65105438232422,0.0027841147966682,9.726469993591309,33.095699310302734,0.0863708928227424,2.845143496990204,0.0113685833886287,8.0,16.0,4.0,137.0,30018.0,33980.0,0.5
exp5,19,18,16,517.899169921875,418.9214782714844,7.91786003112793,1.9794650077819824,7.91786003112793,1.9794650077819824,0.0002330153074581,2.8138692378997803,36.18178176879883,0.0060482248663902,2.8240681290626526,0.0009595666166717,8.0,16.0,16.0,137.0,30018.0,33980.0,0.5
exp5,19,18,64,518.0386962890625,419.0865783691406,5.467502117156982,1.3668755292892456,5.467502117156982,1.3668755292892456,0.0001609035389265,2.338268995285034,36.356685638427734,0.0041363793425261,2.8492851555347443,0.0003910023478224,8.0,16.0,64.0,137.0,30018.0,33980.0,0.5
exp5,19,18,256,517.9151000976562,418.8219604492187,1.5225821733474731,0.3806455433368683,1.5225821733474731,0.3806455433368683,4.480818461161107e-05,1.2339295148849487,35.80522918701172,0.0011876482749357,2.8468238711357117,6.995757947590522e-05,8.0,16.0,256.0,137.0,30018.0,33980.0,0.5
exp5,19,14,1,69.67939758300781,217.9089202880859,0.7777504920959473,0.1944376230239868,0.7777504920959473,0.1944376230239868,2.2888478270033374e-05,0.8819016218185425,5.772865295410156,0.0233376678079366,1.280889332294464,0.0001877756585031,8.0,16.0,1.0,137.0,30014.0,33980.0,0.5
exp5,19,14,4,69.75935363769531,217.925537109375,0.5327575206756592,0.1331893801689148,0.5327575206756592,0.1331893801689148,1.5678560885135084e-05,0.7299023866653442,5.2379584312438965,0.0194180440157651,1.2772314697504044,1.1521875874212892e-05,8.0,16.0,4.0,137.0,30014.0,33980.0,0.5
exp5,19,14,16,69.78439331054688,218.0120849609375,0.0226552803069353,0.0056638200767338,0.0226552803069353,0.0056638200767338,6.667239631497068e-07,0.1505167037248611,5.254228591918945,0.0008206377970054,1.2742381393909454,9.60910428712428e-06,8.0,16.0,16.0,137.0,30014.0,33980.0,0.5
exp5,19,14,64,69.82147216796875,218.14439392089844,0.0063077425584197,0.0015769356396049,0.0063077425584197,0.0015769356396049,1.8563103765245617e-07,0.0794212967157363,5.445037841796875,0.0002127512707374,1.273881271481514,2.2008554640962075e-06,8.0,16.0,64.0,137.0,30014.0,33980.0,0.5
exp5,19,14,256,69.75102233886719,217.97994995117188,0.004646323621273,0.0011615809053182,0.004646323621273,0.0011615809053182,1.3673701459993026e-07,0.0681639462709426,5.265243053436279,0.0001675994571996,1.2738948911428452,1.2912915777921593e-06,8.0,16.0,256.0,137.0,30014.0,33980.0,0.5
exp5,19,87,1,622.9232177734375,330.3387756347656,1052.863525390625,263.21588134765625,1052.863525390625,263.21588134765625,0.0309848003089427,32.44785690307617,16.300264358520508,3.962622880935669,6.5645758509635925,0.0099308214559731,8.0,16.0,1.0,137.0,30087.0,33980.0,0.5
exp5,19,87,4,622.941650390625,330.25469970703125,2.578094005584717,0.6445235013961792,2.578094005584717,0.6445235013961792,7.587092113681138e-05,1.605644464492798,8.397054672241211,0.0365632474422454,6.544228136539459,0.0003568769898549,8.0,16.0,4.0,137.0,30087.0,33980.0,0.5
exp5,19,87,16,622.9329223632812,330.2507019042969,13.24648094177246,3.3116202354431152,13.24648094177246,3.3116202354431152,0.0003898316936101,3.63957142829895,7.459952354431152,0.2380282133817672,6.5575865507125854,0.0001479984181937,8.0,16.0,16.0,137.0,30087.0,33980.0,0.5
exp5,19,87,64,622.8863525390625,330.2694091796875,0.5837888121604919,0.1459472030401229,0.5837888121604919,0.1459472030401229,1.7180365830427036e-05,0.7640607357025146,8.652522087097168,0.0077977678738534,6.554494798183441,2.9888296040780915e-05,8.0,16.0,64.0,137.0,30087.0,33980.0,0.5
exp5,19,87,256,622.9029541015625,330.3508605957031,0.223192423582077,0.0557981058955192,0.223192423582077,0.0557981058955192,6.568346634594491e-06,0.4724324643611908,7.939332962036133,0.0035408816765993,6.552064120769501,1.3042860371927287e-05,8.0,16.0,256.0,137.0,30087.0,33980.0,0.5
exp5,24,82,1,143.9837646484375,168.0839385986328,1.0154743194580078,0.2538685798645019,1.0154743194580078,0.2538685798645019,2.8799611754948273e-05,1.0077074766159058,3.307626724243164,0.0928188040852546,1.280415877699852,0.0004640207370432,8.0,16.0,1.0,137.0,30082.0,35260.0,0.5
exp5,24,82,4,144.38780212402344,168.49891662597656,0.7833186984062195,0.1958296746015548,0.7833186984062195,0.1958296746015548,2.221550494141411e-05,0.8850529193878174,4.392101287841797,0.0406063385307788,1.307134374976158,0.0001230986208426,8.0,16.0,4.0,137.0,30082.0,35260.0,0.5
exp5,24,82,16,143.97657775878906,168.0792236328125,0.1501439213752746,0.0375359803438186,0.1501439213752746,0.0375359803438186,4.258194167050533e-06,0.3874841034412384,3.163674831390381,0.0150011349469423,1.2962131351232529,3.4484875224854204e-05,8.0,16.0,16.0,137.0,30082.0,35260.0,0.5
exp5,24,82,64,143.9110870361328,168.09759521484375,0.0355390608310699,0.0088847652077674,0.0355390608310699,0.0088847652077674,1.0079144203700707e-06,0.1885180622339248,3.489034414291382,0.0029194124508649,1.2939724326133728,7.437553437382251e-06,8.0,16.0,64.0,137.0,30082.0,35260.0,0.5
exp5,24,82,256,144.0688934326172,168.15382385253906,0.0130412299185991,0.0032603074796497,0.0130412299185991,0.0032603074796497,3.698590376188804e-07,0.1141982078552246,3.3015031814575195,0.001196451485157,1.292822226881981,3.479118713250224e-06,8.0,16.0,256.0,137.0,30082.0,35260.0,0.5
exp5,24,15,1,471.4347229003906,218.5830841064453,128.373046875,32.09326171875,128.373046875,32.09326171875,0.0036407557781785,11.330183029174805,7.677641868591309,2.1778008937835693,5.323564291000366,0.0109876973019709,8.0,16.0,1.0,137.0,30015.0,35260.0,0.5
exp5,24,15,4,471.4303588867187,217.92330932617188,403.939208984375,100.98480224609376,403.939208984375,100.98480224609376,0.0114560183137655,20.09823989868164,12.470666885375977,2.5973868370056152,5.329995155334473,0.0188442472756053,8.0,16.0,4.0,137.0,30015.0,35260.0,0.5
exp5,24,15,16,471.19378662109375,218.3468475341797,84.14735412597656,21.03683853149414,84.14735412597656,21.03683853149414,0.0023864819668233,9.17318630218506,10.014763832092283,0.8389944434165955,5.3750118017196655,0.001408852015548,8.0,16.0,16.0,137.0,30015.0,35260.0,0.5
exp5,24,15,64,470.9944763183594,218.17269897460935,4.656841278076172,1.164210319519043,4.656841278076172,1.164210319519043,0.0001320715091424,2.1579716205596924,5.820290565490723,0.137468159198761,5.344641268253326,0.0007943743142431,8.0,16.0,64.0,137.0,30015.0,35260.0,0.5
exp5,24,15,256,471.3890380859375,217.90560913085935,2.073125123977661,0.5182812809944153,2.073125123977661,0.5182812809944153,5.879538002773188e-05,1.4398350715637207,11.51093578338623,0.0156460329890251,5.353666365146637,0.0001420463123419,8.0,16.0,256.0,137.0,30015.0,35260.0,0.5
exp5,24,4,1,635.9181518554688,785.738037109375,86.28477478027344,21.57119369506836,86.28477478027344,21.57119369506836,0.0024471008218824,9.288959503173828,5.127902984619141,3.281365156173706,3.4093815684318542,0.0044844940412035,8.0,16.0,1.0,137.0,30004.0,35260.0,0.5
exp5,24,4,4,636.3294067382812,788.57763671875,6.037946701049805,1.5094866752624512,6.037946701049805,1.5094866752624512,0.0001712406956357,2.457223415374756,3.625655174255371,0.459320992231369,3.369817763566971,0.0015145078121453,8.0,16.0,4.0,137.0,30004.0,35260.0,0.5
exp5,24,4,16,636.2174072265625,787.9266967773438,4.659849643707275,1.1649624109268188,4.659849643707275,1.1649624109268188,0.0001321568270213,2.1586685180664062,4.156304836273193,0.2697473466396332,3.3712758123874664,0.0001382866450632,8.0,16.0,16.0,137.0,30004.0,35260.0,0.5
exp5,24,4,64,636.2421875,788.4190673828125,0.6381203532218933,0.1595300883054733,0.6381203532218933,0.1595300883054733,1.8097571228281595e-05,0.7988243699073792,3.723254442214966,0.046031717211008,3.368457168340683,7.749386044610316e-05,8.0,16.0,64.0,137.0,30004.0,35260.0,0.5
exp5,24,4,256,636.8081665039062,790.0931396484375,0.140692800283432,0.035173200070858,0.140692800283432,0.035173200070858,3.990153345512226e-06,0.3750903904438019,3.5404727458953857,0.0112240444868803,3.363382965326309,3.314990212491661e-06,8.0,16.0,256.0,137.0,30004.0,35260.0,0.5
exp5,24,95,1,109.2846908569336,348.4324951171875,2.901571273803711,0.7253928184509277,2.901571273803711,0.7253928184509277,8.229073137044907e-05,1.703399896621704,2.8628087043762207,0.3540369272232055,1.213855117559433,5.87428077939275e-05,8.0,16.0,1.0,137.0,30095.0,35260.0,0.5
exp5,24,95,4,109.18680572509766,349.60797119140625,0.4641658663749695,0.1160414665937423,0.4641658663749695,0.1160414665937423,1.3164091797079893e-05,0.6812971830368042,2.167760133743286,0.0987758338451385,1.2172826677560806,3.981100300798346e-05,8.0,16.0,4.0,137.0,30095.0,35260.0,0.5
exp5,24,95,16,109.19953155517578,349.497802734375,0.1470460295677185,0.0367615073919296,0.1470460295677185,0.0367615073919296,4.1703356146172155e-06,0.383465826511383,2.222334861755371,0.0297738034278154,1.2148452252149582,5.844836245978107e-06,8.0,16.0,16.0,137.0,30095.0,35260.0,0.5
exp5,24,95,64,109.16230010986328,349.88751220703125,0.0160679742693901,0.0040169935673475,0.0160679742693901,0.0040169935673475,4.556997907911864e-07,0.1267595142126083,2.051455020904541,0.0038180104456841,1.21614608168602,2.116733090775012e-06,8.0,16.0,64.0,137.0,30095.0,35260.0,0.5
exp5,24,95,256,109.21300506591795,349.3475341796875,0.005082462914288,0.001270615728572,0.005082462914288,0.001270615728572,1.441424473114239e-07,0.0712913945317268,2.1174073219299316,0.0011336144525557,1.21581569314003,1.7253243912916461e-07,8.0,16.0,256.0,137.0,30095.0,35260.0,0.5
exp5,24,36,1,185.2096405029297,284.0968017578125,1.2192529439926147,0.3048132359981537,1.2192529439926147,0.3048132359981537,3.457892671576701e-05,1.1041978597640991,11.118548393249512,0.0098627405241131,2.078071802854538,0.0001372929906833,8.0,16.0,1.0,137.0,30036.0,35260.0,0.5
exp5,24,36,4,185.18162536621097,289.79437255859375,0.2737574875354767,0.0684393718838691,0.2737574875354767,0.0684393718838691,7.76396700530313e-06,0.5232183933258057,13.358800888061523,0.0015340201789513,2.0879790484905243,5.908978130975129e-05,8.0,16.0,4.0,137.0,30036.0,35260.0,0.5
exp5,24,36,16,185.21002197265625,288.796875,0.2561037540435791,0.0640259385108947,0.2561037540435791,0.0640259385108947,7.263294264703291e-06,0.5060669183731079,12.453027725219728,0.0016514523886144,2.0925057232379913,1.1503264325085638e-05,8.0,16.0,16.0,137.0,30036.0,35260.0,0.5
exp5,24,36,64,184.9990234375,289.4216003417969,0.0330732986330986,0.0082683246582746,0.0330732986330986,0.0082683246582746,9.37983486437588e-07,0.1818606555461883,12.881074905395508,0.0001993302867049,2.085193932056427,6.706514710685951e-06,8.0,16.0,64.0,137.0,30036.0,35260.0,0.5
exp5,24,36,256,184.99136352539065,289.829345703125,0.0094961524009704,0.0023740381002426,0.0094961524009704,0.0023740381002426,2.693179794732714e-07,0.0974481999874115,12.675146102905272,5.910738036618568e-05,2.0888002812862396,1.678848124900664e-06,8.0,16.0,256.0,137.0,30036.0,35260.0,0.5
exp5,24,32,1,89.87189483642578,236.3215484619141,3.2590794563293457,0.8147698640823364,3.2590794563293457,0.8147698640823364,9.242993110092355e-05,1.805292010307312,8.756272315979004,0.0425066016614437,1.4097151458263395,0.0027070070431938,8.0,16.0,1.0,137.0,30032.0,35260.0,0.5
exp5,24,32,4,89.84042358398438,236.49673461914065,0.595209002494812,0.148802250623703,0.595209002494812,0.148802250623703,1.6880572729860432e-05,0.771497905254364,9.361465454101562,0.0067917518317699,1.372636616230011,0.0003983635931368,8.0,16.0,4.0,137.0,30032.0,35260.0,0.5
exp5,24,32,16,89.8487777709961,235.91360473632812,0.145709604024887,0.0364274010062217,0.145709604024887,0.0364274010062217,4.1324333324155305e-06,0.3817192614078522,8.897311210632324,0.0018406476592645,1.391681969165802,3.62668758628258e-05,8.0,16.0,16.0,137.0,30032.0,35260.0,0.5
exp5,24,32,64,89.85668182373047,235.8633575439453,0.07737947255373,0.0193448681384325,0.07737947255373,0.0193448681384325,2.1945397747913375e-06,0.2781716585159302,8.964221954345703,0.0009629430132918,1.3802645206451416,1.7979360027961127e-05,8.0,16.0,64.0,137.0,30032.0,35260.0,0.5
exp5,24,32,256,89.84026336669922,235.93997192382812,0.0079378550872206,0.0019844637718051,0.0079378550872206,0.0019844637718051,2.2512351449677226e-07,0.0890946388244628,9.049229621887209,9.693484025774524e-05,1.383585348725319,7.189013617292517e-06,8.0,16.0,256.0,137.0,30032.0,35260.0,0.5
exp5,24,29,1,260.3556823730469,126.81666564941406,71.95245361328125,17.988113403320312,71.95245361328125,17.988113403320312,0.0020406255498528,8.482479095458984,6.350233554840088,1.7842931747436523,5.614448308944702,0.0064780821947871,8.0,16.0,1.0,137.0,30029.0,35260.0,0.5
exp5,24,29,4,260.9085998535156,126.65451049804688,15.595701217651367,3.898925304412842,15.595701217651367,3.898925304412842,0.0004423057544045,3.949139356613159,9.84827709197998,0.1607993990182876,5.652501881122589,0.0058824619446267,8.0,16.0,4.0,137.0,30029.0,35260.0,0.5
exp5,24,29,16,260.70953369140625,126.66890716552734,10.864686965942385,2.7161717414855957,10.864686965942385,2.7161717414855957,0.0003081306640524,3.2961623668670654,8.800190925598145,0.1402920484542846,5.6756041049957275,0.0003603453277329,8.0,16.0,16.0,137.0,30029.0,35260.0,0.5
exp5,24,29,64,260.6219482421875,126.7993621826172,4.863433837890625,1.2158584594726562,4.863433837890625,1.2158584594726562,0.0001379306195303,2.205319404602051,8.287904739379883,0.0708032995462417,5.637938320636749,0.0002280922688271,8.0,16.0,64.0,137.0,30029.0,35260.0,0.5
exp5,24,29,256,260.6570129394531,126.81104278564452,1.9611834287643433,0.4902958571910858,1.9611834287643433,0.4902958571910858,5.562062870012596e-05,1.4004225730895996,7.021685600280762,0.0397773124277591,5.633003354072571,4.03060321169895e-05,8.0,16.0,256.0,137.0,30029.0,35260.0,0.5
exp5,24,18,1,192.6557159423828,273.8374938964844,11.824475288391112,2.9561188220977783,11.824475288391112,2.9561188220977783,0.0003353509819135,3.438673496246338,6.923035144805908,0.246711179614067,1.9032805860042572,0.0012519391513785,8.0,16.0,1.0,137.0,30018.0,35260.0,0.5
exp5,24,18,4,192.63253784179688,273.81072998046875,3.533092975616455,0.8832732439041138,3.533092975616455,0.8832732439041138,0.0001002011631499,1.8796523809432983,7.3270263671875,0.0658111572265625,1.9233485162258148,0.0009152514952727,8.0,16.0,4.0,137.0,30018.0,35260.0,0.5
exp5,24,18,16,192.63201904296875,273.8529357910156,1.749800682067871,0.4374501705169678,1.749800682067871,0.4374501705169678,4.9625657993601635e-05,1.3228002786636353,6.478183269500732,0.0416948236525058,1.9195231944322584,0.000294071977403,8.0,16.0,16.0,137.0,30018.0,35260.0,0.5
exp5,24,18,64,192.67091369628903,273.8431091308594,0.327004611492157,0.0817511528730392,0.327004611492157,0.0817511528730392,9.274095646105708e-06,0.571843147277832,6.747733116149902,0.007181879132986,1.918503075838089,5.670159379077079e-05,8.0,16.0,64.0,137.0,30018.0,35260.0,0.5
exp5,24,18,256,192.60874938964844,273.72943115234375,0.0509532466530799,0.0127383116632699,0.0509532466530799,0.0127383116632699,1.445072257411084e-06,0.2257282584905624,6.868602752685547,0.0010800281306728,1.921470329165459,2.288682170232497e-05,8.0,16.0,256.0,137.0,30018.0,35260.0,0.5
exp5,24,14,1,146.14976501464844,244.54885864257812,62.60103988647461,15.650259971618652,62.60103988647461,15.650259971618652,0.0017754123546183,7.912081718444824,4.172485828399658,3.5957694053649902,2.092437297105789,0.0058462529636023,8.0,16.0,1.0,137.0,30014.0,35260.0,0.5
exp5,24,14,4,146.174560546875,244.473388671875,42.84976577758789,10.712441444396973,42.84976577758789,10.712441444396973,0.0012152513954788,6.545973300933838,4.112359046936035,2.5337653160095215,2.162204831838608,0.0053554765375685,8.0,16.0,4.0,137.0,30014.0,35260.0,0.5
exp5,24,14,16,146.10427856445312,244.5172119140625,9.844316482543944,2.4610791206359863,9.844316482543944,2.4610791206359863,0.0002791921724565,3.1375653743743896,4.105958461761475,0.5839241147041321,2.102749913930893,0.0032415049833574,8.0,16.0,16.0,137.0,30014.0,35260.0,0.5
exp5,24,14,64,146.1006317138672,244.49851989746097,0.4481706321239471,0.1120426580309867,0.4481706321239471,0.1120426580309867,1.2710454939224292e-05,0.6694554686546326,3.9893176555633545,0.0281608756631612,2.091347634792328,0.0001383219405032,8.0,16.0,64.0,137.0,30014.0,35260.0,0.5
exp5,24,14,256,146.1232147216797,244.42774963378903,0.2092590481042862,0.0523147620260715,0.2092590481042862,0.0523147620260715,5.934743057878222e-06,0.4574484229087829,3.979973316192627,0.0132106412202119,2.0894292294979095,0.0001693626244809,8.0,16.0,256.0,137.0,30014.0,35260.0,0.5
exp5,24,87,1,1032.2374267578125,663.9808959960938,0.6427571177482605,0.1606892794370651,0.6427571177482605,0.1606892794370651,1.822907324822154e-05,0.8017213344573975,1.921143174171448,0.174151599407196,4.813255548477173,0.0003647497936591,8.0,16.0,1.0,137.0,30087.0,35260.0,0.5
exp5,24,87,4,1032.9873046875,650.888427734375,0.2226695418357849,0.0556673854589462,0.2226695418357849,0.0556673854589462,6.3150750975182746e-06,0.4718787372112274,2.309152126312256,0.0417595393955707,4.8163604736328125,0.0001341789896157,8.0,16.0,4.0,137.0,30087.0,35260.0,0.5
exp5,24,87,16,1032.2869873046875,665.5243530273438,0.0442210733890533,0.0110552683472633,0.0442210733890533,0.0110552683472633,1.2541427167889196e-06,0.2102880775928497,1.9180279970169067,0.0120204128324985,4.808099687099457,1.3655153480840454e-05,8.0,16.0,16.0,137.0,30087.0,35260.0,0.5
exp5,24,87,64,1032.363525390625,665.5646362304688,0.0071375002153217,0.0017843750538304,0.0071375002153217,0.0017843750538304,2.0242484310983857e-07,0.084483727812767,2.0924172401428223,0.001630232669413,4.809096455574036,1.6869143857028185e-06,8.0,16.0,64.0,137.0,30087.0,35260.0,0.5
exp5,24,87,256,1032.2437744140625,665.1593017578125,0.003777332836762,0.0009443332091905,0.003777332836762,0.0009443332091905,1.0712798825807113e-07,0.0614600107073783,1.879019856452942,0.0010698491241782,4.8056840896606445,1.03088879248909e-06,8.0,16.0,256.0,137.0,30087.0,35260.0,0.5
