data_synthetic,dim,random_state,model,metric1,metric2,configured_epochs,epochs_ran,steps_ran,optimizer,data_protocol,error
exp5,4,82,end_to_end,57.39142429406053,71.2070232281428,50,50.0,9050.0,projected_sgd,fixed_parameter_conditional_mixture_v2,
exp5,4,82,erm,57.23225749613669,70.97513893567663,50,,,gurobi_exact,fixed_parameter_conditional_mixture_v2,
exp5,4,82,lightgbm,57.33216343667635,71.11352658405899,50,,50.0,lightgbm_quantile,fixed_parameter_conditional_mixture_v2,
exp5,4,82,oracle_gmm,57.23188636944394,65.2368901996019,0,0,64,true_dgp_quantile_bisection,fixed_parameter_conditional_mixture_v2,
exp5,4,15,end_to_end,265.66993777989103,263.5818219265452,50,50.0,9050.0,projected_sgd,fixed_parameter_conditional_mixture_v2,
exp5,4,15,erm,265.67718124431855,263.67928510203217,50,,,gurobi_exact,fixed_parameter_conditional_mixture_v2,
exp5,4,15,lightgbm,266.219636018485,261.668605360791,50,,50.0,lightgbm_quantile,fixed_parameter_conditional_mixture_v2,
exp5,4,15,oracle_gmm,265.3937075570243,150.47346593177562,0,0,64,true_dgp_quantile_bisection,fixed_parameter_conditional_mixture_v2,
exp5,4,4,end_to_end,199.05936610617968,358.5077281168941,50,50.0,9050.0,projected_sgd,fixed_parameter_conditional_mixture_v2,
exp5,4,4,erm,198.4183864447237,356.76157720411464,50,,,gurobi_exact,fixed_parameter_conditional_mixture_v2,
exp5,4,4,lightgbm,198.6521973829045,357.17900636780126,50,,50.0,lightgbm_quantile,fixed_parameter_conditional_mixture_v2,
exp5,4,4,oracle_gmm,198.3592454172314,282.90648727571863,0,0,64,true_dgp_quantile_bisection,fixed_parameter_conditional_mixture_v2,
exp5,4,95,end_to_end,75.26854213395833,357.88439760324155,50,50.0,9050.0,projected_sgd,fixed_parameter_conditional_mixture_v2,
exp5,4,95,erm,74.06914437832127,354.3029341855203,50,,,gurobi_exact,fixed_parameter_conditional_mixture_v2,
exp5,4,95,lightgbm,74.15294835426768,352.6549868196657,50,,50.0,lightgbm_quantile,fixed_parameter_conditional_mixture_v2,
exp5,4,95,oracle_gmm,74.06419320956442,286.68868257011246,0,0,64,true_dgp_quantile_bisection,fixed_parameter_conditional_mixture_v2,
exp5,4,36,end_to_end,183.0659756498406,197.0369082416019,50,50.0,9050.0,projected_sgd,fixed_parameter_conditional_mixture_v2,
exp5,4,36,erm,182.56926608999424,194.23445616858896,50,,,gurobi_exact,fixed_parameter_conditional_mixture_v2,
exp5,4,36,lightgbm,185.38623412693997,211.95008799744863,50,,50.0,lightgbm_quantile,fixed_parameter_conditional_mixture_v2,
exp5,4,36,oracle_gmm,182.59396416434177,155.0444612636039,0,0,64,true_dgp_quantile_bisection,fixed_parameter_conditional_mixture_v2,
exp5,4,32,end_to_end,210.2400271926682,973.906991183949,50,50.0,9050.0,projected_sgd,fixed_parameter_conditional_mixture_v2,
exp5,4,32,erm,206.0773571504934,980.621540491766,50,,,gurobi_exact,fixed_parameter_conditional_mixture_v2,
exp5,4,32,lightgbm,207.32050549248063,963.710884866264,50,,50.0,lightgbm_quantile,fixed_parameter_conditional_mixture_v2,
exp5,4,32,oracle_gmm,206.09519202236532,403.0724976539577,0,0,64,true_dgp_quantile_bisection,fixed_parameter_conditional_mixture_v2,
exp5,4,29,end_to_end,309.4453819476485,252.0467899529346,50,50.0,9050.0,projected_sgd,fixed_parameter_conditional_mixture_v2,
exp5,4,29,erm,308.2459027133697,251.7753297009396,50,,,gurobi_exact,fixed_parameter_conditional_mixture_v2,
exp5,4,29,lightgbm,309.04912063731547,251.5267722646211,50,,50.0,lightgbm_quantile,fixed_parameter_conditional_mixture_v2,
exp5,4,29,oracle_gmm,308.1527559458605,208.58142629569565,0,0,64,true_dgp_quantile_bisection,fixed_parameter_conditional_mixture_v2,
exp5,4,18,end_to_end,187.27747010646968,225.31465424770408,50,50.0,9050.0,projected_sgd,fixed_parameter_conditional_mixture_v2,
exp5,4,18,erm,187.2592179135984,226.55887297602504,50,,,gurobi_exact,fixed_parameter_conditional_mixture_v2,
exp5,4,18,lightgbm,188.25992453985535,228.14446019576556,50,,50.0,lightgbm_quantile,fixed_parameter_conditional_mixture_v2,
exp5,4,18,oracle_gmm,186.98379312129265,140.28438933923564,0,0,64,true_dgp_quantile_bisection,fixed_parameter_conditional_mixture_v2,
exp5,4,14,end_to_end,94.85849766031062,209.5383429622728,50,50.0,9050.0,projected_sgd,fixed_parameter_conditional_mixture_v2,
exp5,4,14,erm,94.35508439532464,206.69780042808873,50,,,gurobi_exact,fixed_parameter_conditional_mixture_v2,
exp5,4,14,lightgbm,95.28754106282952,213.51647524340345,50,,50.0,lightgbm_quantile,fixed_parameter_conditional_mixture_v2,
exp5,4,14,oracle_gmm,94.34395058083958,159.6204209924365,0,0,64,true_dgp_quantile_bisection,fixed_parameter_conditional_mixture_v2,
exp5,4,87,end_to_end,324.01551448219317,231.135488904582,50,50.0,9050.0,projected_sgd,fixed_parameter_conditional_mixture_v2,
exp5,4,87,erm,323.38249596898936,230.08446886342955,50,,,gurobi_exact,fixed_parameter_conditional_mixture_v2,
exp5,4,87,lightgbm,323.5726998327626,230.90814441854872,50,,50.0,lightgbm_quantile,fixed_parameter_conditional_mixture_v2,
exp5,4,87,oracle_gmm,323.34321530547004,185.18818755439335,0,0,64,true_dgp_quantile_bisection,fixed_parameter_conditional_mixture_v2,
exp5,9,82,end_to_end,98.04177521670312,118.4612134130459,50,50.0,9050.0,projected_sgd,fixed_parameter_conditional_mixture_v2,
exp5,9,82,erm,96.59281493949022,116.58979201178036,50,,,gurobi_exact,fixed_parameter_conditional_mixture_v2,
exp5,9,82,lightgbm,96.8713251659251,116.980946405653,50,,50.0,lightgbm_quantile,fixed_parameter_conditional_mixture_v2,
exp5,9,82,oracle_gmm,96.5535652590198,111.26224993720491,0,0,64,true_dgp_quantile_bisection,fixed_parameter_conditional_mixture_v2,
exp5,9,15,end_to_end,493.1718298970063,275.3749613854085,50,50.0,9050.0,projected_sgd,fixed_parameter_conditional_mixture_v2,
exp5,9,15,erm,491.1467731538438,273.3497893772513,50,,,gurobi_exact,fixed_parameter_conditional_mixture_v2,
exp5,9,15,lightgbm,493.12632491656007,275.8361983236883,50,,50.0,lightgbm_quantile,fixed_parameter_conditional_mixture_v2,
exp5,9,15,oracle_gmm,490.9512131741817,228.39143508903368,0,0,64,true_dgp_quantile_bisection,fixed_parameter_conditional_mixture_v2,
exp5,9,4,end_to_end,288.53734603533985,502.4223934850841,50,50.0,9050.0,projected_sgd,fixed_parameter_conditional_mixture_v2,
exp5,9,4,erm,287.5889026674987,499.5934344290886,50,,,gurobi_exact,fixed_parameter_conditional_mixture_v2,
exp5,9,4,lightgbm,288.97746389893683,503.6634226637676,50,,50.0,lightgbm_quantile,fixed_parameter_conditional_mixture_v2,
exp5,9,4,oracle_gmm,287.3083852296984,381.9364486044747,0,0,64,true_dgp_quantile_bisection,fixed_parameter_conditional_mixture_v2,
exp5,9,95,end_to_end,88.99449236036607,418.2796974761585,50,50.0,9050.0,projected_sgd,fixed_parameter_conditional_mixture_v2,
exp5,9,95,erm,88.19301353517824,416.95270294271535,50,,,gurobi_exact,fixed_parameter_conditional_mixture_v2,
exp5,9,95,lightgbm,88.39037685302523,413.5103175962572,50,,50.0,lightgbm_quantile,fixed_parameter_conditional_mixture_v2,
exp5,9,95,oracle_gmm,88.17553206596409,315.62658427819656,0,0,64,true_dgp_quantile_bisection,fixed_parameter_conditional_mixture_v2,
exp5,9,36,end_to_end,260.2439867061478,408.4589276067902,50,50.0,9050.0,projected_sgd,fixed_parameter_conditional_mixture_v2,
exp5,9,36,erm,258.95062658879704,406.187924861883,50,,,gurobi_exact,fixed_parameter_conditional_mixture_v2,
exp5,9,36,lightgbm,260.66292980538486,409.64225019611234,50,,50.0,lightgbm_quantile,fixed_parameter_conditional_mixture_v2,
exp5,9,36,oracle_gmm,258.8738010761667,306.5272325698357,0,0,64,true_dgp_quantile_bisection,fixed_parameter_conditional_mixture_v2,
exp5,9,32,end_to_end,212.84714999877696,516.9321466112278,50,50.0,9050.0,projected_sgd,fixed_parameter_conditional_mixture_v2,
exp5,9,32,erm,212.3957621146668,513.5368260608157,50,,,gurobi_exact,fixed_parameter_conditional_mixture_v2,
exp5,9,32,lightgbm,212.9012875506851,556.6495889775598,50,,50.0,lightgbm_quantile,fixed_parameter_conditional_mixture_v2,
exp5,9,32,oracle_gmm,212.31865315461064,327.22099884152476,0,0,64,true_dgp_quantile_bisection,fixed_parameter_conditional_mixture_v2,
exp5,9,29,end_to_end,656.7439481152255,466.742545919505,50,50.0,9050.0,projected_sgd,fixed_parameter_conditional_mixture_v2,
exp5,9,29,erm,657.1878644244113,469.8117813738056,50,,,gurobi_exact,fixed_parameter_conditional_mixture_v2,
exp5,9,29,lightgbm,658.7036259285336,459.52684368482295,50,,50.0,lightgbm_quantile,fixed_parameter_conditional_mixture_v2,
exp5,9,29,oracle_gmm,656.9113743950943,293.34809118734637,0,0,64,true_dgp_quantile_bisection,fixed_parameter_conditional_mixture_v2,
exp5,9,18,end_to_end,287.38020321770296,650.4673527437777,50,50.0,9050.0,projected_sgd,fixed_parameter_conditional_mixture_v2,
exp5,9,18,erm,284.7093240939451,643.9458799559279,50,,,gurobi_exact,fixed_parameter_conditional_mixture_v2,
exp5,9,18,lightgbm,284.7119534009571,642.5436767036094,50,,50.0,lightgbm_quantile,fixed_parameter_conditional_mixture_v2,
exp5,9,18,oracle_gmm,284.68023956238346,377.2165492297179,0,0,64,true_dgp_quantile_bisection,fixed_parameter_conditional_mixture_v2,
exp5,9,14,end_to_end,110.19531667609446,430.3852522165234,50,50.0,9050.0,projected_sgd,fixed_parameter_conditional_mixture_v2,
exp5,9,14,erm,108.68211495554674,425.7016975212452,50,,,gurobi_exact,fixed_parameter_conditional_mixture_v2,
exp5,9,14,lightgbm,108.89675824321132,424.22291612871646,50,,50.0,lightgbm_quantile,fixed_parameter_conditional_mixture_v2,
exp5,9,14,oracle_gmm,108.64003214455688,275.8132220264702,0,0,64,true_dgp_quantile_bisection,fixed_parameter_conditional_mixture_v2,
exp5,9,87,end_to_end,99.05901559545796,71.03890541374354,50,50.0,9050.0,projected_sgd,fixed_parameter_conditional_mixture_v2,
exp5,9,87,erm,98.23778740814012,70.38581624502366,50,,,gurobi_exact,fixed_parameter_conditional_mixture_v2,
exp5,9,87,lightgbm,98.56904848939844,70.60326131774346,50,,50.0,lightgbm_quantile,fixed_parameter_conditional_mixture_v2,
exp5,9,87,oracle_gmm,98.17441461899928,60.41109163012346,0,0,64,true_dgp_quantile_bisection,fixed_parameter_conditional_mixture_v2,
exp5,14,82,end_to_end,175.9984051975033,211.65169523281884,50,50.0,9050.0,projected_sgd,fixed_parameter_conditional_mixture_v2,
exp5,14,82,erm,175.561633276157,210.8755986692002,50,,,gurobi_exact,fixed_parameter_conditional_mixture_v2,
exp5,14,82,lightgbm,176.9639268140238,213.51091837477324,50,,50.0,lightgbm_quantile,fixed_parameter_conditional_mixture_v2,
exp5,14,82,oracle_gmm,175.4897083423699,192.72330728416512,0,0,64,true_dgp_quantile_bisection,fixed_parameter_conditional_mixture_v2,
exp5,14,15,end_to_end,742.774010783603,895.9629285009213,50,50.0,9050.0,projected_sgd,fixed_parameter_conditional_mixture_v2,
exp5,14,15,erm,737.5897086115017,896.2725723327296,50,,,gurobi_exact,fixed_parameter_conditional_mixture_v2,
exp5,14,15,lightgbm,744.181311594685,883.7256663288347,50,,50.0,lightgbm_quantile,fixed_parameter_conditional_mixture_v2,
exp5,14,15,oracle_gmm,737.4249356191227,509.2830308605183,0,0,64,true_dgp_quantile_bisection,fixed_parameter_conditional_mixture_v2,
exp5,14,4,end_to_end,251.4949727949352,435.4687841539864,50,50.0,9050.0,projected_sgd,fixed_parameter_conditional_mixture_v2,
exp5,14,4,erm,250.4549605503436,433.7078238961416,50,,,gurobi_exact,fixed_parameter_conditional_mixture_v2,
exp5,14,4,lightgbm,251.64821537420752,435.7916344276082,50,,50.0,lightgbm_quantile,fixed_parameter_conditional_mixture_v2,
exp5,14,4,oracle_gmm,250.4063436506827,338.4071355747494,0,0,64,true_dgp_quantile_bisection,fixed_parameter_conditional_mixture_v2,
exp5,14,95,end_to_end,52.55967698901847,237.96181261967976,50,50.0,9050.0,projected_sgd,fixed_parameter_conditional_mixture_v2,
exp5,14,95,erm,51.73503260100115,235.93303931223656,50,,,gurobi_exact,fixed_parameter_conditional_mixture_v2,
exp5,14,95,lightgbm,51.99187963743885,233.44143923714353,50,,50.0,lightgbm_quantile,fixed_parameter_conditional_mixture_v2,
exp5,14,95,oracle_gmm,51.70875925856729,154.77257742399055,0,0,64,true_dgp_quantile_bisection,fixed_parameter_conditional_mixture_v2,
exp5,14,36,end_to_end,107.31542868171788,239.99506889928983,50,50.0,9050.0,projected_sgd,fixed_parameter_conditional_mixture_v2,
exp5,14,36,erm,105.82713017861886,238.87321345480728,50,,,gurobi_exact,fixed_parameter_conditional_mixture_v2,
exp5,14,36,lightgbm,106.12380149066853,238.0919929457399,50,,50.0,lightgbm_quantile,fixed_parameter_conditional_mixture_v2,
exp5,14,36,oracle_gmm,105.79492266988647,186.3537065408141,0,0,64,true_dgp_quantile_bisection,fixed_parameter_conditional_mixture_v2,
exp5,14,32,end_to_end,76.85058494644487,348.9762410810409,50,50.0,9050.0,projected_sgd,fixed_parameter_conditional_mixture_v2,
exp5,14,32,erm,75.07643005739283,342.85377642842695,50,,,gurobi_exact,fixed_parameter_conditional_mixture_v2,
exp5,14,32,lightgbm,75.25855607850693,340.30872316488586,50,,50.0,lightgbm_quantile,fixed_parameter_conditional_mixture_v2,
exp5,14,32,oracle_gmm,75.02426231981626,296.52070244174575,0,0,64,true_dgp_quantile_bisection,fixed_parameter_conditional_mixture_v2,
exp5,14,29,end_to_end,990.4096291192787,667.3628559796039,50,50.0,9050.0,projected_sgd,fixed_parameter_conditional_mixture_v2,
exp5,14,29,erm,987.7648733522916,662.9412485375605,50,,,gurobi_exact,fixed_parameter_conditional_mixture_v2,
exp5,14,29,lightgbm,994.1596125477032,685.6266877873026,50,,50.0,lightgbm_quantile,fixed_parameter_conditional_mixture_v2,
exp5,14,29,oracle_gmm,987.3076786380803,506.9459271023018,0,0,64,true_dgp_quantile_bisection,fixed_parameter_conditional_mixture_v2,
exp5,14,18,end_to_end,652.9654094147967,1015.1408859967636,50,50.0,9050.0,projected_sgd,fixed_parameter_conditional_mixture_v2,
exp5,14,18,erm,649.9252508742574,1016.415106610094,50,,,gurobi_exact,fixed_parameter_conditional_mixture_v2,
exp5,14,18,lightgbm,653.542357967171,988.298049269356,50,,50.0,lightgbm_quantile,fixed_parameter_conditional_mixture_v2,
exp5,14,18,oracle_gmm,649.8073690412635,503.1113040538941,0,0,64,true_dgp_quantile_bisection,fixed_parameter_conditional_mixture_v2,
exp5,14,14,end_to_end,132.9502972430626,336.8058399902669,50,50.0,9050.0,projected_sgd,fixed_parameter_conditional_mixture_v2,
exp5,14,14,erm,131.81416037845355,330.93241759116194,50,,,gurobi_exact,fixed_parameter_conditional_mixture_v2,
exp5,14,14,lightgbm,133.4801767557238,341.945837044021,50,,50.0,lightgbm_quantile,fixed_parameter_conditional_mixture_v2,
exp5,14,14,oracle_gmm,131.7633887644848,268.51458061254306,0,0,64,true_dgp_quantile_bisection,fixed_parameter_conditional_mixture_v2,
exp5,14,87,end_to_end,617.1323547914112,385.6100887385382,50,50.0,9050.0,projected_sgd,fixed_parameter_conditional_mixture_v2,
exp5,14,87,erm,616.2256539158634,382.9565676906016,50,,,gurobi_exact,fixed_parameter_conditional_mixture_v2,
exp5,14,87,lightgbm,617.3643973804128,387.744162314747,50,,50.0,lightgbm_quantile,fixed_parameter_conditional_mixture_v2,
exp5,14,87,oracle_gmm,616.2444329872881,321.596647128742,0,0,64,true_dgp_quantile_bisection,fixed_parameter_conditional_mixture_v2,
exp5,19,82,end_to_end,269.8408778779075,349.71883485874315,50,50.0,9050.0,projected_sgd,fixed_parameter_conditional_mixture_v2,
exp5,19,82,erm,267.8111381557901,347.0478817855642,50,,,gurobi_exact,fixed_parameter_conditional_mixture_v2,
exp5,19,82,lightgbm,268.5468086564396,347.9906792597522,50,,50.0,lightgbm_quantile,fixed_parameter_conditional_mixture_v2,
exp5,19,82,oracle_gmm,267.8309791591566,325.23970578246906,0,0,64,true_dgp_quantile_bisection,fixed_parameter_conditional_mixture_v2,
exp5,19,15,end_to_end,664.9367717655764,630.7367695821071,50,50.0,9050.0,projected_sgd,fixed_parameter_conditional_mixture_v2,
exp5,19,15,erm,662.2783057656371,625.0484626731591,50,,,gurobi_exact,fixed_parameter_conditional_mixture_v2,
exp5,19,15,lightgbm,664.3658974512055,630.4819896283382,50,,50.0,lightgbm_quantile,fixed_parameter_conditional_mixture_v2,
exp5,19,15,oracle_gmm,662.0503699442705,391.96416660757495,0,0,64,true_dgp_quantile_bisection,fixed_parameter_conditional_mixture_v2,
exp5,19,4,end_to_end,103.43751336622314,185.95113965610105,50,50.0,9050.0,projected_sgd,fixed_parameter_conditional_mixture_v2,
exp5,19,4,erm,102.2613378938797,184.11704482687455,50,,,gurobi_exact,fixed_parameter_conditional_mixture_v2,
exp5,19,4,lightgbm,102.58845630236708,184.53065057293503,50,,50.0,lightgbm_quantile,fixed_parameter_conditional_mixture_v2,
exp5,19,4,oracle_gmm,102.22502874728904,168.84146549560012,0,0,64,true_dgp_quantile_bisection,fixed_parameter_conditional_mixture_v2,
exp5,19,95,end_to_end,146.2789357595908,699.3056792550573,50,50.0,9050.0,projected_sgd,fixed_parameter_conditional_mixture_v2,
exp5,19,95,erm,141.10400801590862,681.8783578449775,50,,,gurobi_exact,fixed_parameter_conditional_mixture_v2,
exp5,19,95,lightgbm,141.31021474660403,677.890629373746,50,,50.0,lightgbm_quantile,fixed_parameter_conditional_mixture_v2,
exp5,19,95,oracle_gmm,141.07136714676906,567.454899627379,0,0,64,true_dgp_quantile_bisection,fixed_parameter_conditional_mixture_v2,
exp5,19,36,end_to_end,389.6920495716113,920.9479354737614,50,50.0,9050.0,projected_sgd,fixed_parameter_conditional_mixture_v2,
exp5,19,36,erm,387.7818209340614,921.6102872344362,50,,,gurobi_exact,fixed_parameter_conditional_mixture_v2,
exp5,19,36,lightgbm,391.8769230164796,913.6406038855584,50,,50.0,lightgbm_quantile,fixed_parameter_conditional_mixture_v2,
exp5,19,36,oracle_gmm,387.6345343893205,415.9238758956343,0,0,64,true_dgp_quantile_bisection,fixed_parameter_conditional_mixture_v2,
exp5,19,32,end_to_end,232.65327033402016,1016.5757908037116,50,50.0,9050.0,projected_sgd,fixed_parameter_conditional_mixture_v2,
exp5,19,32,erm,225.62689049945195,994.2032183278984,50,,,gurobi_exact,fixed_parameter_conditional_mixture_v2,
exp5,19,32,lightgbm,225.89244516364937,993.1192208532232,50,,50.0,lightgbm_quantile,fixed_parameter_conditional_mixture_v2,
exp5,19,32,oracle_gmm,225.55516490713927,652.7192311689968,0,0,64,true_dgp_quantile_bisection,fixed_parameter_conditional_mixture_v2,
exp5,19,29,end_to_end,566.2450152950145,439.9860964246484,50,50.0,9050.0,projected_sgd,fixed_parameter_conditional_mixture_v2,
exp5,19,29,erm,562.5635305347979,437.3331709059545,50,,,gurobi_exact,fixed_parameter_conditional_mixture_v2,
exp5,19,29,lightgbm,563.8331465280173,437.9918865842705,50,,50.0,lightgbm_quantile,fixed_parameter_conditional_mixture_v2,
exp5,19,29,oracle_gmm,562.4419073157538,394.01432521237155,0,0,64,true_dgp_quantile_bisection,fixed_parameter_conditional_mixture_v2,
exp5,19,18,end_to_end,516.9195154471563,1160.1806236712307,50,50.0,9050.0,projected_sgd,fixed_parameter_conditional_mixture_v2,
exp5,19,18,erm,511.5394988242738,1213.8045973428527,50,,,gurobi_exact,fixed_parameter_conditional_mixture_v2,
exp5,19,18,lightgbm,524.6441370432372,1117.6372633618223,50,,50.0,lightgbm_quantile,fixed_parameter_conditional_mixture_v2,
exp5,19,18,oracle_gmm,511.2175992592605,409.4972185532571,0,0,64,true_dgp_quantile_bisection,fixed_parameter_conditional_mixture_v2,
exp5,19,14,end_to_end,68.43720412447426,290.08443543596474,50,50.0,9050.0,projected_sgd,fixed_parameter_conditional_mixture_v2,
exp5,19,14,erm,67.44437104381426,285.4980686526666,50,,,gurobi_exact,fixed_parameter_conditional_mixture_v2,
exp5,19,14,lightgbm,67.78811725325508,285.26413950209525,50,,50.0,lightgbm_quantile,fixed_parameter_conditional_mixture_v2,
exp5,19,14,oracle_gmm,67.34881731656797,208.28498853938697,0,0,64,true_dgp_quantile_bisection,fixed_parameter_conditional_mixture_v2,
exp5,19,87,end_to_end,622.1814855719875,415.7951268139077,50,50.0,9050.0,projected_sgd,fixed_parameter_conditional_mixture_v2,
exp5,19,87,erm,620.3666434588665,414.19526946771595,50,,,gurobi_exact,fixed_parameter_conditional_mixture_v2,
exp5,19,87,lightgbm,623.5651887177532,419.27554071779616,50,,50.0,lightgbm_quantile,fixed_parameter_conditional_mixture_v2,
exp5,19,87,oracle_gmm,620.2986746570222,327.06982377960344,0,0,64,true_dgp_quantile_bisection,fixed_parameter_conditional_mixture_v2,
exp5,24,82,end_to_end,143.9172755534769,173.65470309685463,50,50.0,9050.0,projected_sgd,fixed_parameter_conditional_mixture_v2,
exp5,24,82,erm,142.60624997128124,171.93751815858442,50,,,gurobi_exact,fixed_parameter_conditional_mixture_v2,
exp5,24,82,lightgbm,142.68681706560622,172.0678436508115,50,,50.0,lightgbm_quantile,fixed_parameter_conditional_mixture_v2,
exp5,24,82,oracle_gmm,142.492298781598,165.99817797159363,0,0,64,true_dgp_quantile_bisection,fixed_parameter_conditional_mixture_v2,
exp5,24,15,end_to_end,471.53906374519903,301.0705965065486,50,50.0,9050.0,projected_sgd,fixed_parameter_conditional_mixture_v2,
exp5,24,15,erm,469.9022597568477,299.916600463404,50,,,gurobi_exact,fixed_parameter_conditional_mixture_v2,
exp5,24,15,lightgbm,474.3960163630507,310.2868366005196,50,,50.0,lightgbm_quantile,fixed_parameter_conditional_mixture_v2,
exp5,24,15,oracle_gmm,469.6900703136978,214.09000108344324,0,0,64,true_dgp_quantile_bisection,fixed_parameter_conditional_mixture_v2,
exp5,24,4,end_to_end,629.9328547813606,1024.5420878009595,50,50.0,9050.0,projected_sgd,fixed_parameter_conditional_mixture_v2,
exp5,24,4,erm,625.3577778617106,1014.8602054460756,50,,,gurobi_exact,fixed_parameter_conditional_mixture_v2,
exp5,24,4,lightgbm,633.0158782773361,1035.7172341915618,50,,50.0,lightgbm_quantile,fixed_parameter_conditional_mixture_v2,
exp5,24,4,oracle_gmm,625.2984849094195,764.7058762597395,0,0,64,true_dgp_quantile_bisection,fixed_parameter_conditional_mixture_v2,
exp5,24,95,end_to_end,109.16567075622147,525.7155587483202,50,50.0,9050.0,projected_sgd,fixed_parameter_conditional_mixture_v2,
exp5,24,95,erm,105.93005252095158,515.0588488014669,50,,,gurobi_exact,fixed_parameter_conditional_mixture_v2,
exp5,24,95,lightgbm,106.77904426691342,514.2242408720928,50,,50.0,lightgbm_quantile,fixed_parameter_conditional_mixture_v2,
exp5,24,95,oracle_gmm,105.87913029187683,343.4284437350835,0,0,64,true_dgp_quantile_bisection,fixed_parameter_conditional_mixture_v2,
exp5,24,36,end_to_end,183.6100964747755,430.7678358184188,50,50.0,9050.0,projected_sgd,fixed_parameter_conditional_mixture_v2,
exp5,24,36,erm,181.53900033945143,427.9831678025932,50,,,gurobi_exact,fixed_parameter_conditional_mixture_v2,
exp5,24,36,lightgbm,182.037948369708,426.4366104763793,50,,50.0,lightgbm_quantile,fixed_parameter_conditional_mixture_v2,
exp5,24,36,oracle_gmm,181.45700099712903,279.176416064144,0,0,64,true_dgp_quantile_bisection,fixed_parameter_conditional_mixture_v2,
exp5,24,32,end_to_end,89.30037424542158,376.52281798462377,50,50.0,9050.0,projected_sgd,fixed_parameter_conditional_mixture_v2,
exp5,24,32,erm,89.52902604949736,378.84601205921086,50,,,gurobi_exact,fixed_parameter_conditional_mixture_v2,
exp5,24,32,lightgbm,89.40873049306906,367.5527784547196,50,,50.0,lightgbm_quantile,fixed_parameter_conditional_mixture_v2,
exp5,24,32,oracle_gmm,89.15264130716172,230.01102651984033,0,0,64,true_dgp_quantile_bisection,fixed_parameter_conditional_mixture_v2,
exp5,24,29,end_to_end,260.44134552104333,155.46582358525822,50,50.0,9050.0,projected_sgd,fixed_parameter_conditional_mixture_v2,
exp5,24,29,erm,258.4681604897884,153.1659747574042,50,,,gurobi_exact,fixed_parameter_conditional_mixture_v2,
exp5,24,29,lightgbm,260.5390922618892,156.63135071065798,50,,50.0,lightgbm_quantile,fixed_parameter_conditional_mixture_v2,
exp5,24,29,oracle_gmm,258.288810867805,123.79157885848215,0,0,64,true_dgp_quantile_bisection,fixed_parameter_conditional_mixture_v2,
exp5,24,18,end_to_end,193.03338368770093,374.5307463888387,50,50.0,9050.0,projected_sgd,fixed_parameter_conditional_mixture_v2,
exp5,24,18,erm,191.621812039978,364.4494900955861,50,,,gurobi_exact,fixed_parameter_conditional_mixture_v2,
exp5,24,18,lightgbm,191.96676549137237,366.07265961021665,50,,50.0,lightgbm_quantile,fixed_parameter_conditional_mixture_v2,
exp5,24,18,oracle_gmm,191.29582348871432,270.2284476207996,0,0,64,true_dgp_quantile_bisection,fixed_parameter_conditional_mixture_v2,
exp5,24,14,end_to_end,147.86723425148998,437.225600977924,50,50.0,9050.0,projected_sgd,fixed_parameter_conditional_mixture_v2,
exp5,24,14,erm,148.60748896882646,569.5801331135901,50,,,gurobi_exact,fixed_parameter_conditional_mixture_v2,
exp5,24,14,lightgbm,148.488196910477,538.7257664433421,50,,50.0,lightgbm_quantile,fixed_parameter_conditional_mixture_v2,
exp5,24,14,oracle_gmm,146.05829434254915,241.55256062509193,0,0,64,true_dgp_quantile_bisection,fixed_parameter_conditional_mixture_v2,
exp5,24,87,end_to_end,1034.2968260085313,729.5698612453746,50,50.0,9050.0,projected_sgd,fixed_parameter_conditional_mixture_v2,
exp5,24,87,erm,1023.1901743974124,722.0977254012953,50,,,gurobi_exact,fixed_parameter_conditional_mixture_v2,
exp5,24,87,lightgbm,1026.5216447133068,724.824442445777,50,,50.0,lightgbm_quantile,fixed_parameter_conditional_mixture_v2,
exp5,24,87,oracle_gmm,1023.078995699099,623.507759293232,0,0,64,true_dgp_quantile_bisection,fixed_parameter_conditional_mixture_v2,
