dataset,dim,random_state,m,method,metric1,metric2,replications,samples_per_replication,final_samples_per_replication,fidelity_weight,smoothing_mu,configured_epochs,epochs_ran,batch_size,steps_ran,optimizer,initial_checkpoint_sha256,ipa_gradient_variance_trace,ipa_gradient_variance_mean_per_parameter,ipa_gradient_std_norm,ipa_gradient_mean_norm,ipa_gradient_relative_variance,ipa_gradient_loss_mean,ipa_gradient_loss_variance,gradient_variance_repeats,gradient_variance_batch_size,gradient_variance_replications,gradient_variance_samples_per_replication,gradient_variance_seed,gradient_parameter_count,weighted_ipa_gradient_variance_trace,ipa_gradient_weight
van_havre,4,82,8,rseto_ipa_m8,256.5572509765625,234.40530395507812,16.0,8.0,17.0,0.5,0.05,50,50,64,9050,projected_sgd,9eb1cafe779333f55638d519c721a0fe9fb4960a6a326bbfe427447f6ea2be39,,,,,,,,,,,,,,,
van_havre,4,82,32,rseto_ipa_m32,256.6287841796875,190.3079376220703,16.0,32.0,41.0,0.5,0.05,50,50,64,9050,projected_sgd,9eb1cafe779333f55638d519c721a0fe9fb4960a6a326bbfe427447f6ea2be39,,,,,,,,,,,,,,,
van_havre,4,82,128,rseto_ipa_m128,256.6460876464844,188.3716735839844,16.0,128.0,137.0,0.5,0.05,50,50,64,9050,projected_sgd,9eb1cafe779333f55638d519c721a0fe9fb4960a6a326bbfe427447f6ea2be39,,,,,,,,,,,,,,,
van_havre,4,82,512,rseto_ipa_m512,256.6621398925781,190.2022247314453,16.0,512.0,521.0,0.5,0.05,50,50,64,9050,projected_sgd,9eb1cafe779333f55638d519c721a0fe9fb4960a6a326bbfe427447f6ea2be39,,,,,,,,,,,,,,,
van_havre,4,82,2048,rseto_ipa_m2048,256.7017822265625,189.33401489257812,16.0,2048.0,2057.0,0.5,0.05,50,50,64,9050,projected_sgd,9eb1cafe779333f55638d519c721a0fe9fb4960a6a326bbfe427447f6ea2be39,,,,,,,,,,,,,,,
van_havre,4,15,8,rseto_ipa_m8,291.8236999511719,1313.9376220703125,16.0,8.0,17.0,0.5,0.05,50,50,64,9050,projected_sgd,9aad1c62a5ad56d1fc62858bdd0480fc0cf1d9b3a7c5bd53759903a2c5d0d835,,,,,,,,,,,,,,,
van_havre,4,15,32,rseto_ipa_m32,297.5433349609375,180.7589569091797,16.0,32.0,41.0,0.5,0.05,50,50,64,9050,projected_sgd,9aad1c62a5ad56d1fc62858bdd0480fc0cf1d9b3a7c5bd53759903a2c5d0d835,,,,,,,,,,,,,,,
van_havre,4,15,128,rseto_ipa_m128,306.39996337890625,168.57797241210938,16.0,128.0,137.0,0.5,0.05,50,50,64,9050,projected_sgd,9aad1c62a5ad56d1fc62858bdd0480fc0cf1d9b3a7c5bd53759903a2c5d0d835,,,,,,,,,,,,,,,
van_havre,4,15,512,rseto_ipa_m512,305.0848693847656,171.40553283691406,16.0,512.0,521.0,0.5,0.05,50,50,64,9050,projected_sgd,9aad1c62a5ad56d1fc62858bdd0480fc0cf1d9b3a7c5bd53759903a2c5d0d835,,,,,,,,,,,,,,,
van_havre,4,15,2048,rseto_ipa_m2048,305.83447265625,167.39254760742188,16.0,2048.0,2057.0,0.5,0.05,50,50,64,9050,projected_sgd,9aad1c62a5ad56d1fc62858bdd0480fc0cf1d9b3a7c5bd53759903a2c5d0d835,,,,,,,,,,,,,,,
van_havre,4,4,8,rseto_ipa_m8,301.03985595703125,221.97955322265625,16.0,8.0,17.0,0.5,0.05,50,50,64,9050,projected_sgd,7b7e2caf73a71b7a385c83240c2e3d033132807aea291515c4fa2f2eacef18df,,,,,,,,,,,,,,,
van_havre,4,4,32,rseto_ipa_m32,306.98779296875,170.33187866210938,16.0,32.0,41.0,0.5,0.05,50,50,64,9050,projected_sgd,7b7e2caf73a71b7a385c83240c2e3d033132807aea291515c4fa2f2eacef18df,,,,,,,,,,,,,,,
van_havre,4,4,128,rseto_ipa_m128,319.6518249511719,154.04934692382812,16.0,128.0,137.0,0.5,0.05,50,50,64,9050,projected_sgd,7b7e2caf73a71b7a385c83240c2e3d033132807aea291515c4fa2f2eacef18df,,,,,,,,,,,,,,,
van_havre,4,4,512,rseto_ipa_m512,318.6351318359375,154.23341369628906,16.0,512.0,521.0,0.5,0.05,50,50,64,9050,projected_sgd,7b7e2caf73a71b7a385c83240c2e3d033132807aea291515c4fa2f2eacef18df,,,,,,,,,,,,,,,
van_havre,4,4,2048,rseto_ipa_m2048,317.91278076171875,154.41134643554688,16.0,2048.0,2057.0,0.5,0.05,50,50,64,9050,projected_sgd,7b7e2caf73a71b7a385c83240c2e3d033132807aea291515c4fa2f2eacef18df,,,,,,,,,,,,,,,
van_havre,4,95,8,rseto_ipa_m8,305.08770751953125,541.8150024414062,16.0,8.0,17.0,0.5,0.05,50,50,64,9050,projected_sgd,78f76e4659e1c3d2d2885f41d0eb97094976fe4750ea51fcd8d42dd97f6e5104,,,,,,,,,,,,,,,
van_havre,4,95,32,rseto_ipa_m32,307.337158203125,510.0412902832031,16.0,32.0,41.0,0.5,0.05,50,50,64,9050,projected_sgd,78f76e4659e1c3d2d2885f41d0eb97094976fe4750ea51fcd8d42dd97f6e5104,,,,,,,,,,,,,,,
van_havre,4,95,128,rseto_ipa_m128,314.11248779296875,187.6838836669922,16.0,128.0,137.0,0.5,0.05,50,50,64,9050,projected_sgd,78f76e4659e1c3d2d2885f41d0eb97094976fe4750ea51fcd8d42dd97f6e5104,,,,,,,,,,,,,,,
van_havre,4,95,512,rseto_ipa_m512,316.0329284667969,186.99525451660156,16.0,512.0,521.0,0.5,0.05,50,50,64,9050,projected_sgd,78f76e4659e1c3d2d2885f41d0eb97094976fe4750ea51fcd8d42dd97f6e5104,,,,,,,,,,,,,,,
van_havre,4,95,2048,rseto_ipa_m2048,314.9314880371094,187.66131591796875,16.0,2048.0,2057.0,0.5,0.05,50,50,64,9050,projected_sgd,78f76e4659e1c3d2d2885f41d0eb97094976fe4750ea51fcd8d42dd97f6e5104,,,,,,,,,,,,,,,
van_havre,4,36,8,rseto_ipa_m8,283.8779602050781,220.2997131347656,16.0,8.0,17.0,0.5,0.05,50,50,64,9050,projected_sgd,c15030643543841d4a8db666e6c0621334405f908e70f2724ae9e5a9765cc01d,,,,,,,,,,,,,,,
van_havre,4,36,32,rseto_ipa_m32,283.6925354003906,181.15667724609375,16.0,32.0,41.0,0.5,0.05,50,50,64,9050,projected_sgd,c15030643543841d4a8db666e6c0621334405f908e70f2724ae9e5a9765cc01d,,,,,,,,,,,,,,,
van_havre,4,36,128,rseto_ipa_m128,284.4351501464844,156.03811645507812,16.0,128.0,137.0,0.5,0.05,50,50,64,9050,projected_sgd,c15030643543841d4a8db666e6c0621334405f908e70f2724ae9e5a9765cc01d,,,,,,,,,,,,,,,
van_havre,4,36,512,rseto_ipa_m512,283.8077697753906,153.06634521484375,16.0,512.0,521.0,0.5,0.05,50,50,64,9050,projected_sgd,c15030643543841d4a8db666e6c0621334405f908e70f2724ae9e5a9765cc01d,,,,,,,,,,,,,,,
van_havre,4,36,2048,rseto_ipa_m2048,283.69744873046875,157.09808349609375,16.0,2048.0,2057.0,0.5,0.05,50,50,64,9050,projected_sgd,c15030643543841d4a8db666e6c0621334405f908e70f2724ae9e5a9765cc01d,,,,,,,,,,,,,,,
van_havre,4,32,8,rseto_ipa_m8,277.3045959472656,231.31703186035156,16.0,8.0,17.0,0.5,0.05,50,50,64,9050,projected_sgd,d5901b2c3c3d992b5c347bd1114d8242fffb989fc7e0d1798453a3132763db63,,,,,,,,,,,,,,,
van_havre,4,32,32,rseto_ipa_m32,277.35955810546875,180.5554351806641,16.0,32.0,41.0,0.5,0.05,50,50,64,9050,projected_sgd,d5901b2c3c3d992b5c347bd1114d8242fffb989fc7e0d1798453a3132763db63,,,,,,,,,,,,,,,
van_havre,4,32,128,rseto_ipa_m128,278.1894836425781,166.82810974121094,16.0,128.0,137.0,0.5,0.05,50,50,64,9050,projected_sgd,d5901b2c3c3d992b5c347bd1114d8242fffb989fc7e0d1798453a3132763db63,,,,,,,,,,,,,,,
van_havre,4,32,512,rseto_ipa_m512,278.14202880859375,166.58734130859375,16.0,512.0,521.0,0.5,0.05,50,50,64,9050,projected_sgd,d5901b2c3c3d992b5c347bd1114d8242fffb989fc7e0d1798453a3132763db63,,,,,,,,,,,,,,,
van_havre,4,32,2048,rseto_ipa_m2048,277.9132995605469,167.59344482421875,16.0,2048.0,2057.0,0.5,0.05,50,50,64,9050,projected_sgd,d5901b2c3c3d992b5c347bd1114d8242fffb989fc7e0d1798453a3132763db63,,,,,,,,,,,,,,,
van_havre,4,29,8,rseto_ipa_m8,313.5804138183594,219.3638458251953,16.0,8.0,17.0,0.5,0.05,50,50,64,9050,projected_sgd,3e39b6de17e4e080040a7b701168cc86fe66b51f5ba928609afedac82929b310,,,,,,,,,,,,,,,
van_havre,4,29,32,rseto_ipa_m32,315.54473876953125,171.89999389648438,16.0,32.0,41.0,0.5,0.05,50,50,64,9050,projected_sgd,3e39b6de17e4e080040a7b701168cc86fe66b51f5ba928609afedac82929b310,,,,,,,,,,,,,,,
van_havre,4,29,128,rseto_ipa_m128,313.12945556640625,159.0460662841797,16.0,128.0,137.0,0.5,0.05,50,50,64,9050,projected_sgd,3e39b6de17e4e080040a7b701168cc86fe66b51f5ba928609afedac82929b310,,,,,,,,,,,,,,,
van_havre,4,29,512,rseto_ipa_m512,322.1845703125,157.10227966308594,16.0,512.0,521.0,0.5,0.05,50,50,64,9050,projected_sgd,3e39b6de17e4e080040a7b701168cc86fe66b51f5ba928609afedac82929b310,,,,,,,,,,,,,,,
van_havre,4,29,2048,rseto_ipa_m2048,322.6885986328125,156.76931762695312,16.0,2048.0,2057.0,0.5,0.05,50,50,64,9050,projected_sgd,3e39b6de17e4e080040a7b701168cc86fe66b51f5ba928609afedac82929b310,,,,,,,,,,,,,,,
van_havre,4,18,8,rseto_ipa_m8,301.796630859375,206.54342651367188,16.0,8.0,17.0,0.5,0.05,50,50,64,9050,projected_sgd,b30e1babd83d63a26b77f1622fe0c348dc64dcd77977229559a4562297ae76f9,,,,,,,,,,,,,,,
van_havre,4,18,32,rseto_ipa_m32,301.934326171875,164.690185546875,16.0,32.0,41.0,0.5,0.05,50,50,64,9050,projected_sgd,b30e1babd83d63a26b77f1622fe0c348dc64dcd77977229559a4562297ae76f9,,,,,,,,,,,,,,,
van_havre,4,18,128,rseto_ipa_m128,303.5602722167969,154.38009643554688,16.0,128.0,137.0,0.5,0.05,50,50,64,9050,projected_sgd,b30e1babd83d63a26b77f1622fe0c348dc64dcd77977229559a4562297ae76f9,,,,,,,,,,,,,,,
van_havre,4,18,512,rseto_ipa_m512,303.5609130859375,153.93910217285156,16.0,512.0,521.0,0.5,0.05,50,50,64,9050,projected_sgd,b30e1babd83d63a26b77f1622fe0c348dc64dcd77977229559a4562297ae76f9,,,,,,,,,,,,,,,
van_havre,4,18,2048,rseto_ipa_m2048,304.1719970703125,153.47463989257812,16.0,2048.0,2057.0,0.5,0.05,50,50,64,9050,projected_sgd,b30e1babd83d63a26b77f1622fe0c348dc64dcd77977229559a4562297ae76f9,,,,,,,,,,,,,,,
van_havre,4,14,8,rseto_ipa_m8,287.7167053222656,216.3025054931641,16.0,8.0,17.0,0.5,0.05,50,50,64,9050,projected_sgd,30c1607e9c61ee54818777568e3949928a94d9503ceec9ad92606329be6d6f55,,,,,,,,,,,,,,,
van_havre,4,14,32,rseto_ipa_m32,287.8350830078125,174.79727172851562,16.0,32.0,41.0,0.5,0.05,50,50,64,9050,projected_sgd,30c1607e9c61ee54818777568e3949928a94d9503ceec9ad92606329be6d6f55,,,,,,,,,,,,,,,
van_havre,4,14,128,rseto_ipa_m128,288.0516357421875,171.74826049804688,16.0,128.0,137.0,0.5,0.05,50,50,64,9050,projected_sgd,30c1607e9c61ee54818777568e3949928a94d9503ceec9ad92606329be6d6f55,,,,,,,,,,,,,,,
van_havre,4,14,512,rseto_ipa_m512,287.830078125,171.38824462890625,16.0,512.0,521.0,0.5,0.05,50,50,64,9050,projected_sgd,30c1607e9c61ee54818777568e3949928a94d9503ceec9ad92606329be6d6f55,,,,,,,,,,,,,,,
van_havre,4,14,2048,rseto_ipa_m2048,287.8330383300781,171.5321807861328,16.0,2048.0,2057.0,0.5,0.05,50,50,64,9050,projected_sgd,30c1607e9c61ee54818777568e3949928a94d9503ceec9ad92606329be6d6f55,,,,,,,,,,,,,,,
van_havre,4,87,8,rseto_ipa_m8,271.0946350097656,215.9920959472656,16.0,8.0,17.0,0.5,0.05,50,50,64,9050,projected_sgd,df256ef83b1b901a2ea72a4cbd34b84ce1ac5d13cad65ddc7ad59bbb13fb932b,,,,,,,,,,,,,,,
van_havre,4,87,32,rseto_ipa_m32,271.5750732421875,173.7098388671875,16.0,32.0,41.0,0.5,0.05,50,50,64,9050,projected_sgd,df256ef83b1b901a2ea72a4cbd34b84ce1ac5d13cad65ddc7ad59bbb13fb932b,,,,,,,,,,,,,,,
van_havre,4,87,128,rseto_ipa_m128,272.09393310546875,167.53176879882812,16.0,128.0,137.0,0.5,0.05,50,50,64,9050,projected_sgd,df256ef83b1b901a2ea72a4cbd34b84ce1ac5d13cad65ddc7ad59bbb13fb932b,,,,,,,,,,,,,,,
van_havre,4,87,512,rseto_ipa_m512,272.00634765625,166.7562255859375,16.0,512.0,521.0,0.5,0.05,50,50,64,9050,projected_sgd,df256ef83b1b901a2ea72a4cbd34b84ce1ac5d13cad65ddc7ad59bbb13fb932b,,,,,,,,,,,,,,,
van_havre,4,87,2048,rseto_ipa_m2048,271.9932556152344,166.60191345214844,16.0,2048.0,2057.0,0.5,0.05,50,50,64,9050,projected_sgd,df256ef83b1b901a2ea72a4cbd34b84ce1ac5d13cad65ddc7ad59bbb13fb932b,,,,,,,,,,,,,,,
van_havre,9,82,8,rseto_ipa_m8,281.5854187011719,260.02960205078125,16.0,8.0,17.0,0.5,0.05,50,50,64,9050,projected_sgd,b02cbb333fcb357b46bb08288a7f4a450b5883f5c8c928e26c08b6bba9238aa6,,,,,,,,,,,,,,,
van_havre,9,82,32,rseto_ipa_m32,282.17578125,205.04440307617188,16.0,32.0,41.0,0.5,0.05,50,50,64,9050,projected_sgd,b02cbb333fcb357b46bb08288a7f4a450b5883f5c8c928e26c08b6bba9238aa6,,,,,,,,,,,,,,,
van_havre,9,82,128,rseto_ipa_m128,281.8492431640625,189.07171630859375,16.0,128.0,137.0,0.5,0.05,50,50,64,9050,projected_sgd,b02cbb333fcb357b46bb08288a7f4a450b5883f5c8c928e26c08b6bba9238aa6,,,,,,,,,,,,,,,
van_havre,9,82,512,rseto_ipa_m512,282.42547607421875,189.79409790039065,16.0,512.0,521.0,0.5,0.05,50,50,64,9050,projected_sgd,b02cbb333fcb357b46bb08288a7f4a450b5883f5c8c928e26c08b6bba9238aa6,,,,,,,,,,,,,,,
van_havre,9,82,2048,rseto_ipa_m2048,281.1105041503906,219.47308349609375,16.0,2048.0,2057.0,0.5,0.05,50,50,64,9050,projected_sgd,b02cbb333fcb357b46bb08288a7f4a450b5883f5c8c928e26c08b6bba9238aa6,,,,,,,,,,,,,,,
van_havre,9,15,8,rseto_ipa_m8,258.8521728515625,196.3130645751953,16.0,8.0,17.0,0.5,0.05,50,50,64,9050,projected_sgd,6fcd0e875758a965a12358f11770b2d0fa16670cbcccfcd527b153b7901a5c38,,,,,,,,,,,,,,,
van_havre,9,15,32,rseto_ipa_m32,258.9903869628906,166.70864868164062,16.0,32.0,41.0,0.5,0.05,50,50,64,9050,projected_sgd,6fcd0e875758a965a12358f11770b2d0fa16670cbcccfcd527b153b7901a5c38,,,,,,,,,,,,,,,
van_havre,9,15,128,rseto_ipa_m128,259.2777404785156,163.1215362548828,16.0,128.0,137.0,0.5,0.05,50,50,64,9050,projected_sgd,6fcd0e875758a965a12358f11770b2d0fa16670cbcccfcd527b153b7901a5c38,,,,,,,,,,,,,,,
van_havre,9,15,512,rseto_ipa_m512,259.3460998535156,161.93301391601562,16.0,512.0,521.0,0.5,0.05,50,50,64,9050,projected_sgd,6fcd0e875758a965a12358f11770b2d0fa16670cbcccfcd527b153b7901a5c38,,,,,,,,,,,,,,,
van_havre,9,15,2048,rseto_ipa_m2048,259.40606689453125,161.71408081054688,16.0,2048.0,2057.0,0.5,0.05,50,50,64,9050,projected_sgd,6fcd0e875758a965a12358f11770b2d0fa16670cbcccfcd527b153b7901a5c38,,,,,,,,,,,,,,,
van_havre,9,4,8,rseto_ipa_m8,296.6578674316406,243.6652679443359,16.0,8.0,17.0,0.5,0.05,50,50,64,9050,projected_sgd,8052f193c71acdd22cb40dc893d59c6f6ffe317c363dc8b5605ba5029e6b7ac2,,,,,,,,,,,,,,,
van_havre,9,4,32,rseto_ipa_m32,296.8862609863281,169.2796630859375,16.0,32.0,41.0,0.5,0.05,50,50,64,9050,projected_sgd,8052f193c71acdd22cb40dc893d59c6f6ffe317c363dc8b5605ba5029e6b7ac2,,,,,,,,,,,,,,,
van_havre,9,4,128,rseto_ipa_m128,300.30303955078125,157.7053985595703,16.0,128.0,137.0,0.5,0.05,50,50,64,9050,projected_sgd,8052f193c71acdd22cb40dc893d59c6f6ffe317c363dc8b5605ba5029e6b7ac2,,,,,,,,,,,,,,,
van_havre,9,4,512,rseto_ipa_m512,299.6139831542969,157.42373657226562,16.0,512.0,521.0,0.5,0.05,50,50,64,9050,projected_sgd,8052f193c71acdd22cb40dc893d59c6f6ffe317c363dc8b5605ba5029e6b7ac2,,,,,,,,,,,,,,,
van_havre,9,4,2048,rseto_ipa_m2048,299.63336181640625,156.80274963378906,16.0,2048.0,2057.0,0.5,0.05,50,50,64,9050,projected_sgd,8052f193c71acdd22cb40dc893d59c6f6ffe317c363dc8b5605ba5029e6b7ac2,,,,,,,,,,,,,,,
van_havre,9,95,8,rseto_ipa_m8,276.5733337402344,255.29364013671875,16.0,8.0,17.0,0.5,0.05,50,50,64,9050,projected_sgd,5db6a433f7917441ae753a1ad868fac638efd482fa35f62f34479fcc00c27058,,,,,,,,,,,,,,,
van_havre,9,95,32,rseto_ipa_m32,276.77166748046875,201.5904998779297,16.0,32.0,41.0,0.5,0.05,50,50,64,9050,projected_sgd,5db6a433f7917441ae753a1ad868fac638efd482fa35f62f34479fcc00c27058,,,,,,,,,,,,,,,
van_havre,9,95,128,rseto_ipa_m128,277.2599182128906,192.02574157714844,16.0,128.0,137.0,0.5,0.05,50,50,64,9050,projected_sgd,5db6a433f7917441ae753a1ad868fac638efd482fa35f62f34479fcc00c27058,,,,,,,,,,,,,,,
van_havre,9,95,512,rseto_ipa_m512,277.45416259765625,192.2144470214844,16.0,512.0,521.0,0.5,0.05,50,50,64,9050,projected_sgd,5db6a433f7917441ae753a1ad868fac638efd482fa35f62f34479fcc00c27058,,,,,,,,,,,,,,,
van_havre,9,95,2048,rseto_ipa_m2048,277.7166748046875,191.6995849609375,16.0,2048.0,2057.0,0.5,0.05,50,50,64,9050,projected_sgd,5db6a433f7917441ae753a1ad868fac638efd482fa35f62f34479fcc00c27058,,,,,,,,,,,,,,,
van_havre,9,36,8,rseto_ipa_m8,287.0610046386719,451.7668151855469,16.0,8.0,17.0,0.5,0.05,50,50,64,9050,projected_sgd,44079dae9badcc73a14bd11861819da0538d78987c2acb8396650f0aab0974e6,,,,,,,,,,,,,,,
van_havre,9,36,32,rseto_ipa_m32,288.57879638671875,190.63575744628903,16.0,32.0,41.0,0.5,0.05,50,50,64,9050,projected_sgd,44079dae9badcc73a14bd11861819da0538d78987c2acb8396650f0aab0974e6,,,,,,,,,,,,,,,
van_havre,9,36,128,rseto_ipa_m128,287.8806457519531,188.59608459472656,16.0,128.0,137.0,0.5,0.05,50,50,64,9050,projected_sgd,44079dae9badcc73a14bd11861819da0538d78987c2acb8396650f0aab0974e6,,,,,,,,,,,,,,,
van_havre,9,36,512,rseto_ipa_m512,292.47918701171875,153.11488342285156,16.0,512.0,521.0,0.5,0.05,50,50,64,9050,projected_sgd,44079dae9badcc73a14bd11861819da0538d78987c2acb8396650f0aab0974e6,,,,,,,,,,,,,,,
van_havre,9,36,2048,rseto_ipa_m2048,293.2103576660156,152.29869079589844,16.0,2048.0,2057.0,0.5,0.05,50,50,64,9050,projected_sgd,44079dae9badcc73a14bd11861819da0538d78987c2acb8396650f0aab0974e6,,,,,,,,,,,,,,,
van_havre,9,32,8,rseto_ipa_m8,268.2757263183594,235.8069610595703,16.0,8.0,17.0,0.5,0.05,50,50,64,9050,projected_sgd,d88b4d6334092e8fc30d3c9de9582bad3207f7bce2b7b70b6a01207e55bf4d87,,,,,,,,,,,,,,,
van_havre,9,32,32,rseto_ipa_m32,272.90118408203125,182.83370971679688,16.0,32.0,41.0,0.5,0.05,50,50,64,9050,projected_sgd,d88b4d6334092e8fc30d3c9de9582bad3207f7bce2b7b70b6a01207e55bf4d87,,,,,,,,,,,,,,,
van_havre,9,32,128,rseto_ipa_m128,273.8505554199219,165.78102111816406,16.0,128.0,137.0,0.5,0.05,50,50,64,9050,projected_sgd,d88b4d6334092e8fc30d3c9de9582bad3207f7bce2b7b70b6a01207e55bf4d87,,,,,,,,,,,,,,,
van_havre,9,32,512,rseto_ipa_m512,273.71856689453125,165.38946533203125,16.0,512.0,521.0,0.5,0.05,50,50,64,9050,projected_sgd,d88b4d6334092e8fc30d3c9de9582bad3207f7bce2b7b70b6a01207e55bf4d87,,,,,,,,,,,,,,,
van_havre,9,32,2048,rseto_ipa_m2048,273.73626708984375,165.33544921875,16.0,2048.0,2057.0,0.5,0.05,50,50,64,9050,projected_sgd,d88b4d6334092e8fc30d3c9de9582bad3207f7bce2b7b70b6a01207e55bf4d87,,,,,,,,,,,,,,,
van_havre,9,29,8,rseto_ipa_m8,302.8835144042969,216.7015686035156,16.0,8.0,17.0,0.5,0.05,50,50,64,9050,projected_sgd,9106c1dc9e1973bee95a2084754f1b44065d13a911eee7a64c4b08dde7eb5564,,,,,,,,,,,,,,,
van_havre,9,29,32,rseto_ipa_m32,303.1332092285156,175.2489013671875,16.0,32.0,41.0,0.5,0.05,50,50,64,9050,projected_sgd,9106c1dc9e1973bee95a2084754f1b44065d13a911eee7a64c4b08dde7eb5564,,,,,,,,,,,,,,,
van_havre,9,29,128,rseto_ipa_m128,303.759765625,166.49562072753906,16.0,128.0,137.0,0.5,0.05,50,50,64,9050,projected_sgd,9106c1dc9e1973bee95a2084754f1b44065d13a911eee7a64c4b08dde7eb5564,,,,,,,,,,,,,,,
van_havre,9,29,512,rseto_ipa_m512,303.7214660644531,165.30780029296875,16.0,512.0,521.0,0.5,0.05,50,50,64,9050,projected_sgd,9106c1dc9e1973bee95a2084754f1b44065d13a911eee7a64c4b08dde7eb5564,,,,,,,,,,,,,,,
van_havre,9,29,2048,rseto_ipa_m2048,303.8615417480469,165.32980346679688,16.0,2048.0,2057.0,0.5,0.05,50,50,64,9050,projected_sgd,9106c1dc9e1973bee95a2084754f1b44065d13a911eee7a64c4b08dde7eb5564,,,,,,,,,,,,,,,
van_havre,9,18,8,rseto_ipa_m8,303.2624206542969,218.8382110595703,16.0,8.0,17.0,0.5,0.05,50,50,64,9050,projected_sgd,47714be7278b215b0c07c1085b2d0a1908a2f15cd100810be2fea7475afc897b,,,,,,,,,,,,,,,
van_havre,9,18,32,rseto_ipa_m32,303.612060546875,165.87167358398438,16.0,32.0,41.0,0.5,0.05,50,50,64,9050,projected_sgd,47714be7278b215b0c07c1085b2d0a1908a2f15cd100810be2fea7475afc897b,,,,,,,,,,,,,,,
van_havre,9,18,128,rseto_ipa_m128,297.9102783203125,153.93150329589844,16.0,128.0,137.0,0.5,0.05,50,50,64,9050,projected_sgd,47714be7278b215b0c07c1085b2d0a1908a2f15cd100810be2fea7475afc897b,,,,,,,,,,,,,,,
van_havre,9,18,512,rseto_ipa_m512,305.2642517089844,154.21974182128906,16.0,512.0,521.0,0.5,0.05,50,50,64,9050,projected_sgd,47714be7278b215b0c07c1085b2d0a1908a2f15cd100810be2fea7475afc897b,,,,,,,,,,,,,,,
van_havre,9,18,2048,rseto_ipa_m2048,303.7815246582031,153.46192932128906,16.0,2048.0,2057.0,0.5,0.05,50,50,64,9050,projected_sgd,47714be7278b215b0c07c1085b2d0a1908a2f15cd100810be2fea7475afc897b,,,,,,,,,,,,,,,
van_havre,9,14,8,rseto_ipa_m8,295.1904296875,229.6483612060547,16.0,8.0,17.0,0.5,0.05,50,50,64,9050,projected_sgd,48c122be09bea5305d765014c2fab41ce4cb86376cec4fc21ef687482d363258,,,,,,,,,,,,,,,
van_havre,9,14,32,rseto_ipa_m32,298.7601623535156,187.4513397216797,16.0,32.0,41.0,0.5,0.05,50,50,64,9050,projected_sgd,48c122be09bea5305d765014c2fab41ce4cb86376cec4fc21ef687482d363258,,,,,,,,,,,,,,,
van_havre,9,14,128,rseto_ipa_m128,296.5436096191406,178.61985778808594,16.0,128.0,137.0,0.5,0.05,50,50,64,9050,projected_sgd,48c122be09bea5305d765014c2fab41ce4cb86376cec4fc21ef687482d363258,,,,,,,,,,,,,,,
van_havre,9,14,512,rseto_ipa_m512,297.0577087402344,177.74339294433594,16.0,512.0,521.0,0.5,0.05,50,50,64,9050,projected_sgd,48c122be09bea5305d765014c2fab41ce4cb86376cec4fc21ef687482d363258,,,,,,,,,,,,,,,
van_havre,9,14,2048,rseto_ipa_m2048,297.301513671875,177.2006378173828,16.0,2048.0,2057.0,0.5,0.05,50,50,64,9050,projected_sgd,48c122be09bea5305d765014c2fab41ce4cb86376cec4fc21ef687482d363258,,,,,,,,,,,,,,,
van_havre,9,87,8,rseto_ipa_m8,294.37109375,226.86021423339844,16.0,8.0,17.0,0.5,0.05,50,50,64,9050,projected_sgd,6ff2e12346381771382b5dfa079d965a33206ab1b8205bd329b01902fb5410c5,,,,,,,,,,,,,,,
van_havre,9,87,32,rseto_ipa_m32,299.9610290527344,194.92025756835935,16.0,32.0,41.0,0.5,0.05,50,50,64,9050,projected_sgd,6ff2e12346381771382b5dfa079d965a33206ab1b8205bd329b01902fb5410c5,,,,,,,,,,,,,,,
van_havre,9,87,128,rseto_ipa_m128,305.4552307128906,172.16766357421875,16.0,128.0,137.0,0.5,0.05,50,50,64,9050,projected_sgd,6ff2e12346381771382b5dfa079d965a33206ab1b8205bd329b01902fb5410c5,,,,,,,,,,,,,,,
van_havre,9,87,512,rseto_ipa_m512,306.4577941894531,171.10789489746094,16.0,512.0,521.0,0.5,0.05,50,50,64,9050,projected_sgd,6ff2e12346381771382b5dfa079d965a33206ab1b8205bd329b01902fb5410c5,,,,,,,,,,,,,,,
van_havre,9,87,2048,rseto_ipa_m2048,306.1763916015625,172.61502075195312,16.0,2048.0,2057.0,0.5,0.05,50,50,64,9050,projected_sgd,6ff2e12346381771382b5dfa079d965a33206ab1b8205bd329b01902fb5410c5,,,,,,,,,,,,,,,
van_havre,14,82,8,rseto_ipa_m8,286.45947265625,244.6974639892578,16.0,8.0,17.0,0.5,0.05,50,50,64,9050,projected_sgd,15055306c3028b4c9bc385e389036302d0e68e6e9afb26545dfacae83d442dca,0.302166998386383,9.240580766345374e-06,0.5496971607208252,3.683208703994751,0.0222738031297922,3.266918867826462,0.000145912953817,8.0,16.0,16.0,17.0,30082.0,32700.0,0.0755417495965957,0.5
van_havre,14,82,32,rseto_ipa_m32,285.802001953125,205.4413299560547,16.0,32.0,41.0,0.5,0.05,50,50,64,9050,projected_sgd,15055306c3028b4c9bc385e389036302d0e68e6e9afb26545dfacae83d442dca,0.0738705620169639,2.2590386379306437e-06,0.271791398525238,2.048839569091797,0.017597684636712,3.539503812789917,6.62268048959699e-05,8.0,16.0,16.0,41.0,30082.0,32700.0,0.0184676405042409,0.5
van_havre,14,82,128,rseto_ipa_m128,286.4666442871094,189.38853454589844,16.0,128.0,137.0,0.5,0.05,50,50,64,9050,projected_sgd,15055306c3028b4c9bc385e389036302d0e68e6e9afb26545dfacae83d442dca,0.0582937747240066,1.7826841940404847e-06,0.2414410412311554,1.7183969020843506,0.0197412744164466,3.5438607931137085,1.5546896617836736e-05,8.0,16.0,16.0,137.0,30082.0,32700.0,0.0145734436810016,0.5
van_havre,14,82,512,rseto_ipa_m512,286.62371826171875,185.2184295654297,16.0,512.0,521.0,0.5,0.05,50,50,64,9050,projected_sgd,15055306c3028b4c9bc385e389036302d0e68e6e9afb26545dfacae83d442dca,0.0059527265839278,1.8204056573267738e-07,0.0771539136767387,1.1492074728012085,0.0045073265209794,3.5571209490299225,1.6169760611108228e-06,8.0,16.0,16.0,521.0,30082.0,32700.0,0.0014881816459819,0.5
van_havre,14,82,2048,rseto_ipa_m2048,286.63934326171875,185.0078582763672,16.0,2048.0,2057.0,0.5,0.05,50,50,64,9050,projected_sgd,15055306c3028b4c9bc385e389036302d0e68e6e9afb26545dfacae83d442dca,8.037310180952772e-06,2.457893055751725e-10,0.0028350150678306,1.1483783721923828,6.094536729506217e-06,3.5575440526008606,3.4209628146137612e-09,8.0,16.0,16.0,2057.0,30082.0,32700.0,2.009327545238193e-06,0.5
van_havre,14,15,8,rseto_ipa_m8,279.6553649902344,219.5216064453125,16.0,8.0,17.0,0.5,0.05,50,50,64,9050,projected_sgd,596ebda6400342b7af65a651b32edc15460c7556b57be16e0cb4648a117f31cf,341.4801940917969,0.0104428194463253,18.479183197021484,9.94238567352295,3.4544930458068848,3.867896944284439,0.1699144166378628,8.0,16.0,16.0,17.0,30015.0,32700.0,85.37004852294922,0.5
van_havre,14,15,32,rseto_ipa_m32,280.4189758300781,197.78244018554688,16.0,32.0,41.0,0.5,0.05,50,50,64,9050,projected_sgd,596ebda6400342b7af65a651b32edc15460c7556b57be16e0cb4648a117f31cf,0.2359250634908676,7.214833658508724e-06,0.4857211709022522,2.425086259841919,0.0401161946356296,3.727742552757263,0.0001908379774054,8.0,16.0,16.0,41.0,30015.0,32700.0,0.0589812658727169,0.5
van_havre,14,15,128,rseto_ipa_m128,281.3605041503906,165.72348022460938,16.0,128.0,137.0,0.5,0.05,50,50,64,9050,projected_sgd,596ebda6400342b7af65a651b32edc15460c7556b57be16e0cb4648a117f31cf,0.0087217763066291,2.667209741957777e-07,0.0933904498815536,1.2931793928146362,0.0052153975702822,3.763888359069824,4.901880970464845e-06,8.0,16.0,16.0,137.0,30015.0,32700.0,0.0021804440766572,0.5
van_havre,14,15,512,rseto_ipa_m512,281.3888854980469,165.61767578125,16.0,512.0,521.0,0.5,0.05,50,50,64,9050,projected_sgd,596ebda6400342b7af65a651b32edc15460c7556b57be16e0cb4648a117f31cf,0.0007003037608228,2.1416017403907972e-08,0.0264632534235715,1.3032468557357788,0.0004123187973164,3.7607618272304535,6.082989319874546e-07,8.0,16.0,16.0,521.0,30015.0,32700.0,0.0001750759402057,0.5
van_havre,14,15,2048,rseto_ipa_m2048,281.6453857421875,165.60589599609375,16.0,2048.0,2057.0,0.5,0.05,50,50,64,9050,projected_sgd,596ebda6400342b7af65a651b32edc15460c7556b57be16e0cb4648a117f31cf,0.0001512317103333,4.624822746990276e-09,0.0122976303100585,1.3797537088394165,7.944008393678814e-05,3.755522757768631,1.8461296085498754e-07,8.0,16.0,16.0,2057.0,30015.0,32700.0,3.780792758334428e-05,0.5
van_havre,14,4,8,rseto_ipa_m8,284.1746826171875,225.1150360107422,16.0,8.0,17.0,0.5,0.05,50,50,64,9050,projected_sgd,45d876908fe312f9e49a32763fc3747ce658b5471be0f0bdae0d5752a29413cc,61.19831848144531,0.0018715081969276,7.822935581207275,3.5034213066101074,4.98602819442749,3.4673513770103455,0.0005496556282805,8.0,16.0,16.0,17.0,30004.0,32700.0,15.299579620361328,0.5
van_havre,14,4,32,rseto_ipa_m32,283.14532470703125,168.68898010253906,16.0,32.0,41.0,0.5,0.05,50,50,64,9050,projected_sgd,45d876908fe312f9e49a32763fc3747ce658b5471be0f0bdae0d5752a29413cc,0.2360386103391647,7.218306109280093e-06,0.4858380556106567,5.425145149230957,0.0080197406932711,3.4788246154785156,0.0001330507075993,8.0,16.0,16.0,41.0,30004.0,32700.0,0.0590096525847911,0.5
van_havre,14,4,128,rseto_ipa_m128,278.0367126464844,161.63192749023438,16.0,128.0,137.0,0.5,0.05,50,50,64,9050,projected_sgd,45d876908fe312f9e49a32763fc3747ce658b5471be0f0bdae0d5752a29413cc,0.0930285155773162,2.8449087494664127e-06,0.3050057590007782,3.2789194583892822,0.0086527587845921,3.678010076284409,5.331056508595111e-05,8.0,16.0,16.0,137.0,30004.0,32700.0,0.023257128894329,0.5
van_havre,14,4,512,rseto_ipa_m512,278.52789306640625,160.69532775878906,16.0,512.0,521.0,0.5,0.05,50,50,64,9050,projected_sgd,45d876908fe312f9e49a32763fc3747ce658b5471be0f0bdae0d5752a29413cc,0.0176400747150182,5.39451832537452e-07,0.1328159421682357,3.243023157119751,0.0016772598028182,3.679574579000473,3.345031002055521e-05,8.0,16.0,16.0,521.0,30004.0,32700.0,0.0044100186787545,0.5
van_havre,14,4,2048,rseto_ipa_m2048,276.7405090332031,160.1448211669922,16.0,2048.0,2057.0,0.5,0.05,50,50,64,9050,projected_sgd,45d876908fe312f9e49a32763fc3747ce658b5471be0f0bdae0d5752a29413cc,0.0045702871866524,1.3976413981708904e-07,0.0676039010286331,2.912391185760498,0.0005388204590417,3.7360359728336334,2.0033327235832336e-06,8.0,16.0,16.0,2057.0,30004.0,32700.0,0.0011425717966631,0.5
van_havre,14,95,8,rseto_ipa_m8,305.945068359375,244.03842163085935,16.0,8.0,17.0,0.5,0.05,50,50,64,9050,projected_sgd,ab884b6d2b7b76350e39bae6ef3ece53538685fece7434a30f8e874907af2b23,150.34622192382812,0.0045977439731359,12.261574745178224,46.41447830200195,0.0697887763381004,21.078022480010983,0.0466570010412397,8.0,16.0,16.0,17.0,30095.0,32700.0,37.58655548095703,0.5
van_havre,14,95,32,rseto_ipa_m32,307.6611633300781,188.9440460205078,16.0,32.0,41.0,0.5,0.05,50,50,64,9050,projected_sgd,ab884b6d2b7b76350e39bae6ef3ece53538685fece7434a30f8e874907af2b23,57.17375946044922,0.0017484329873695,7.561333179473877,43.207035064697266,0.0306258257478475,21.931512355804443,0.1316880109991741,8.0,16.0,16.0,41.0,30095.0,32700.0,14.293439865112305,0.5
van_havre,14,95,128,rseto_ipa_m128,307.598388671875,184.5626983642578,16.0,128.0,137.0,0.5,0.05,50,50,64,9050,projected_sgd,ab884b6d2b7b76350e39bae6ef3ece53538685fece7434a30f8e874907af2b23,19.506027221679688,0.0005965146119706,4.416563034057617,40.41896057128906,0.0119398422539234,21.048008918762207,0.0083723438968133,8.0,16.0,16.0,137.0,30095.0,32700.0,4.876506805419922,0.5
van_havre,14,95,512,rseto_ipa_m512,307.73077392578125,184.77145385742188,16.0,512.0,521.0,0.5,0.05,50,50,64,9050,projected_sgd,ab884b6d2b7b76350e39bae6ef3ece53538685fece7434a30f8e874907af2b23,65.00263977050781,0.0019878481980413,8.062421798706055,43.702239990234375,0.0340348333120346,20.97341752052307,0.0482661749373879,8.0,16.0,16.0,521.0,30095.0,32700.0,16.250659942626953,0.5
van_havre,14,95,2048,rseto_ipa_m2048,308.4657897949219,184.63851928710935,16.0,2048.0,2057.0,0.5,0.05,50,50,64,9050,projected_sgd,ab884b6d2b7b76350e39bae6ef3ece53538685fece7434a30f8e874907af2b23,72.7676010131836,0.0022253089118748,8.53039264678955,46.76460266113281,0.0332738906145095,20.91613793373108,0.0132955957591158,8.0,16.0,16.0,2057.0,30095.0,32700.0,18.1919002532959,0.5
van_havre,14,36,8,rseto_ipa_m8,287.3466491699219,210.6345367431641,16.0,8.0,17.0,0.5,0.05,50,50,64,9050,projected_sgd,4ff6379ed145cee72ce017c31d46bc60b928c235cc8061dadc2beb621fe74d60,0.7818374037742615,2.3909400624688715e-05,0.8842157125473022,3.1661627292633057,0.0779919847846031,3.337234914302826,0.0001448036877483,8.0,16.0,16.0,17.0,30036.0,32700.0,0.1954593509435653,0.5
van_havre,14,36,32,rseto_ipa_m32,287.7562561035156,176.435302734375,16.0,32.0,41.0,0.5,0.05,50,50,64,9050,projected_sgd,4ff6379ed145cee72ce017c31d46bc60b928c235cc8061dadc2beb621fe74d60,24.74917221069336,0.0007568554137833,4.974853992462158,3.153913974761963,2.48806095123291,3.398351788520813,0.028155610791243,8.0,16.0,16.0,41.0,30036.0,32700.0,6.18729305267334,0.5
van_havre,14,36,128,rseto_ipa_m128,288.6224365234375,162.36529541015625,16.0,128.0,137.0,0.5,0.05,50,50,64,9050,projected_sgd,4ff6379ed145cee72ce017c31d46bc60b928c235cc8061dadc2beb621fe74d60,0.0657935440540313,2.0120348835916957e-06,0.2565025091171264,2.683706760406494,0.0091350963339209,3.365137964487076,3.11496780785855e-05,8.0,16.0,16.0,137.0,30036.0,32700.0,0.0164483860135078,0.5
van_havre,14,36,512,rseto_ipa_m512,289.435546875,157.7831573486328,16.0,512.0,521.0,0.5,0.05,50,50,64,9050,projected_sgd,4ff6379ed145cee72ce017c31d46bc60b928c235cc8061dadc2beb621fe74d60,0.0429293923079967,1.3128254749972257e-06,0.2071940898895263,2.4696366786956787,0.0070386375300586,3.3739733397960663,1.825738882997387e-05,8.0,16.0,16.0,521.0,30036.0,32700.0,0.0107323480769991,0.5
van_havre,14,36,2048,rseto_ipa_m2048,289.826416015625,156.56045532226562,16.0,2048.0,2057.0,0.5,0.05,50,50,64,9050,projected_sgd,4ff6379ed145cee72ce017c31d46bc60b928c235cc8061dadc2beb621fe74d60,0.0234516933560371,7.171771585490205e-07,0.1531394571065902,2.0804286003112793,0.0054183695465326,3.38314950466156,2.7282999488826524e-06,8.0,16.0,16.0,2057.0,30036.0,32700.0,0.0058629233390092,0.5
van_havre,14,32,8,rseto_ipa_m8,296.11737060546875,228.6741180419922,16.0,8.0,17.0,0.5,0.05,50,50,64,9050,projected_sgd,1654dc3aeb2b3357641308f384f98c6b3c26c7143115c98eaa081fe69760f0c0,1.5960135459899902,4.880775304627605e-05,1.2633342742919922,3.549569606781006,0.1266733258962631,3.6271852850914,0.0001082141737559,8.0,16.0,16.0,17.0,30032.0,32700.0,0.3990033864974975,0.5
van_havre,14,32,32,rseto_ipa_m32,286.76611328125,185.6440887451172,16.0,32.0,41.0,0.5,0.05,50,50,64,9050,projected_sgd,1654dc3aeb2b3357641308f384f98c6b3c26c7143115c98eaa081fe69760f0c0,0.2464011162519455,7.535202257713536e-06,0.4963880777359009,4.237381458282471,0.0137229533866047,3.748799264431,7.651824763651607e-05,8.0,16.0,16.0,41.0,30032.0,32700.0,0.0616002790629863,0.5
van_havre,14,32,128,rseto_ipa_m128,285.29266357421875,169.3229522705078,16.0,128.0,137.0,0.5,0.05,50,50,64,9050,projected_sgd,1654dc3aeb2b3357641308f384f98c6b3c26c7143115c98eaa081fe69760f0c0,0.0181353371590375,5.5459747727582e-07,0.1346675008535385,2.6013147830963135,0.0026800308842211,3.88611751794815,1.3485759572923988e-05,8.0,16.0,16.0,137.0,30032.0,32700.0,0.0045338342897593,0.5
van_havre,14,32,512,rseto_ipa_m512,297.2258605957031,166.08035278320312,16.0,512.0,521.0,0.5,0.05,50,50,64,9050,projected_sgd,1654dc3aeb2b3357641308f384f98c6b3c26c7143115c98eaa081fe69760f0c0,0.1884821355342865,5.7639795159047935e-06,0.4341453015804291,2.939286708831787,0.0218165609985589,3.648974895477295,7.998317820628082e-06,8.0,16.0,16.0,521.0,30032.0,32700.0,0.0471205338835716,0.5
van_havre,14,32,2048,rseto_ipa_m2048,297.4401550292969,165.89749145507812,16.0,2048.0,2057.0,0.5,0.05,50,50,64,9050,projected_sgd,1654dc3aeb2b3357641308f384f98c6b3c26c7143115c98eaa081fe69760f0c0,0.007642219774425,2.337070270641562e-07,0.087419793009758,2.462484359741211,0.0012602960923686,3.641193419694901,1.8462143864488618e-07,8.0,16.0,16.0,2057.0,30032.0,32700.0,0.0019105549436062,0.5
van_havre,14,29,8,rseto_ipa_m8,331.6916198730469,210.2575836181641,16.0,8.0,17.0,0.5,0.05,50,50,64,9050,projected_sgd,9294d72fa5b61f8ee466b08f0362324b62bffcd55e6a5cc792223b36722d735a,85.81830596923828,0.002624412998557,9.263816833496094,62.333595275878906,0.0220869425684213,18.820607662200928,0.1029381793733981,8.0,16.0,16.0,17.0,30029.0,32700.0,21.45457649230957,0.5
van_havre,14,29,32,rseto_ipa_m32,332.0792541503906,172.14410400390625,16.0,32.0,41.0,0.5,0.05,50,50,64,9050,projected_sgd,9294d72fa5b61f8ee466b08f0362324b62bffcd55e6a5cc792223b36722d735a,101.77247619628906,0.0031123082153499,10.088234901428224,68.13212585449219,0.0219243355095386,18.792130947113037,0.4793641700034641,8.0,16.0,16.0,41.0,30029.0,32700.0,25.443119049072266,0.5
van_havre,14,29,128,rseto_ipa_m128,314.5768737792969,168.8663330078125,16.0,128.0,137.0,0.5,0.05,50,50,64,9050,projected_sgd,9294d72fa5b61f8ee466b08f0362324b62bffcd55e6a5cc792223b36722d735a,119.2423858642578,0.0036465560551732,10.91981601715088,30.440610885620117,0.1286838203668594,14.544827342033386,0.062972506454035,8.0,16.0,16.0,137.0,30029.0,32700.0,29.810596466064453,0.5
van_havre,14,29,512,rseto_ipa_m512,314.85235595703125,164.76637268066406,16.0,512.0,521.0,0.5,0.05,50,50,64,9050,projected_sgd,9294d72fa5b61f8ee466b08f0362324b62bffcd55e6a5cc792223b36722d735a,94.21134948730467,0.0028810810763388,9.706253051757812,31.331836700439453,0.0959691256284713,14.57759940624237,0.0217088289249756,8.0,16.0,16.0,521.0,30029.0,32700.0,23.552837371826172,0.5
van_havre,14,29,2048,rseto_ipa_m2048,315.7869567871094,163.73477172851562,16.0,2048.0,2057.0,0.5,0.05,50,50,64,9050,projected_sgd,9294d72fa5b61f8ee466b08f0362324b62bffcd55e6a5cc792223b36722d735a,4.594120025634766,0.0001404929644195,2.143389940261841,31.44374084472656,0.0046465853229165,14.621352553367617,0.0039907365930145,8.0,16.0,16.0,2057.0,30029.0,32700.0,1.1485300064086914,0.5
van_havre,14,18,8,rseto_ipa_m8,324.484375,225.942138671875,16.0,8.0,17.0,0.5,0.05,50,50,64,9050,projected_sgd,dafef547df37897cfdd07e450a80973c66a35bf8aa07cb5b24dacfe6f27e43a1,0.1814384460449218,5.548576154978946e-06,0.4259559214115143,4.750152587890625,0.0080410772934556,3.4020579755306244,0.0001551216803678,8.0,16.0,16.0,17.0,30018.0,32700.0,0.0453596115112304,0.5
van_havre,14,18,32,rseto_ipa_m32,316.1107177734375,181.3328399658203,16.0,32.0,41.0,0.5,0.05,50,50,64,9050,projected_sgd,dafef547df37897cfdd07e450a80973c66a35bf8aa07cb5b24dacfe6f27e43a1,0.1410185545682907,4.312494183977833e-06,0.3755243718624115,4.540837287902832,0.0068391859531402,3.5950058698654175,0.0001889614934823,8.0,16.0,16.0,41.0,30018.0,32700.0,0.0352546386420726,0.5
van_havre,14,18,128,rseto_ipa_m128,318.4162902832031,165.80438232421875,16.0,128.0,137.0,0.5,0.05,50,50,64,9050,projected_sgd,dafef547df37897cfdd07e450a80973c66a35bf8aa07cb5b24dacfe6f27e43a1,0.1250604689121246,3.824479335889919e-06,0.3536388874053955,4.507535457611084,0.0061551942490041,3.63692370057106,4.04415751995251e-05,8.0,16.0,16.0,137.0,30018.0,32700.0,0.0312651172280311,0.5
van_havre,14,18,512,rseto_ipa_m512,327.086181640625,162.86190795898438,16.0,512.0,521.0,0.5,0.05,50,50,64,9050,projected_sgd,dafef547df37897cfdd07e450a80973c66a35bf8aa07cb5b24dacfe6f27e43a1,0.0347977690398693,1.0641520020726605e-06,0.1865416020154953,3.3707756996154785,0.00306260981597,3.510099232196808,4.183874576061239e-06,8.0,16.0,16.0,521.0,30018.0,32700.0,0.0086994422599673,0.5
van_havre,14,18,2048,rseto_ipa_m2048,327.8050231933594,162.28257751464844,16.0,2048.0,2057.0,0.5,0.05,50,50,64,9050,projected_sgd,dafef547df37897cfdd07e450a80973c66a35bf8aa07cb5b24dacfe6f27e43a1,0.001308100647293,4.0003076406947e-08,0.036167673766613,3.1998791694641113,0.0001277538394788,3.501877784729004,8.665086202849384e-07,8.0,16.0,16.0,2057.0,30018.0,32700.0,0.0003270251618232,0.5
van_havre,14,14,8,rseto_ipa_m8,291.8435974121094,217.4660797119141,16.0,8.0,17.0,0.5,0.05,50,50,64,9050,projected_sgd,e63fd45cd7e50f8fb6b7e0790da39726b948e2cad12a19f16f1de3f1e2a9cb4b,0.981859803199768,3.002629455295391e-05,0.9908884167671204,3.2845067977905273,0.0910141989588737,4.020020097494125,0.0002418114657162,8.0,16.0,16.0,17.0,30014.0,32700.0,0.245464950799942,0.5
van_havre,14,14,32,rseto_ipa_m32,292.2077331542969,175.41392517089844,16.0,32.0,41.0,0.5,0.05,50,50,64,9050,projected_sgd,e63fd45cd7e50f8fb6b7e0790da39726b948e2cad12a19f16f1de3f1e2a9cb4b,0.8555370569229126,2.616321216919459e-05,0.9249524474143982,2.248311996459961,0.1692488342523574,4.049097180366516,8.407167055273541e-05,8.0,16.0,16.0,41.0,30014.0,32700.0,0.2138842642307281,0.5
van_havre,14,14,128,rseto_ipa_m128,292.890380859375,169.22625732421875,16.0,128.0,137.0,0.5,0.05,50,50,64,9050,projected_sgd,e63fd45cd7e50f8fb6b7e0790da39726b948e2cad12a19f16f1de3f1e2a9cb4b,0.0017508519813418,5.3542873246215095e-08,0.0418431833386421,1.6654613018035889,0.0006312194163911,4.067359983921051,4.775537844027765e-06,8.0,16.0,16.0,137.0,30014.0,32700.0,0.0004377129953354,0.5
van_havre,14,14,512,rseto_ipa_m512,292.70941162109375,169.64097595214844,16.0,512.0,521.0,0.5,0.05,50,50,64,9050,projected_sgd,e63fd45cd7e50f8fb6b7e0790da39726b948e2cad12a19f16f1de3f1e2a9cb4b,4.046997128170915e-05,1.2376137892289307e-09,0.006361601408571,1.5813772678375244,1.6183108527911827e-05,4.069853246212006,4.147526055930939e-08,8.0,16.0,16.0,521.0,30014.0,32700.0,1.0117492820427287e-05,0.5
van_havre,14,14,2048,rseto_ipa_m2048,292.4627990722656,171.43978881835938,16.0,2048.0,2057.0,0.5,0.05,50,50,64,9050,projected_sgd,e63fd45cd7e50f8fb6b7e0790da39726b948e2cad12a19f16f1de3f1e2a9cb4b,2.103892711602384e-06,6.433922838944284e-11,0.0014504801947623,1.5171115398406982,9.140891847891908e-07,4.073512375354767,1.220277973905987e-09,8.0,16.0,16.0,2057.0,30014.0,32700.0,5.259731779005961e-07,0.5
van_havre,14,87,8,rseto_ipa_m8,286.1490783691406,237.3592071533203,16.0,8.0,17.0,0.5,0.05,50,50,64,9050,projected_sgd,62ae7bd64d0144c8cd36d72a442dd28153562a097bbaf76225deb49b8a4a9dbd,265.55670166015625,0.0081209996715188,16.295909881591797,5.240482807159424,9.669737815856934,4.163793385028839,0.0001188292883682,8.0,16.0,16.0,17.0,30087.0,32700.0,66.38917541503906,0.5
van_havre,14,87,32,rseto_ipa_m32,286.9454650878906,207.87872314453125,16.0,32.0,41.0,0.5,0.05,50,50,64,9050,projected_sgd,62ae7bd64d0144c8cd36d72a442dd28153562a097bbaf76225deb49b8a4a9dbd,0.0422332808375358,1.291537614633853e-06,0.2055073678493499,2.186663866043091,0.0088326446712017,4.1651464104652405,3.589895832435884e-05,8.0,16.0,16.0,41.0,30087.0,32700.0,0.0105583202093839,0.5
van_havre,14,87,128,rseto_ipa_m128,287.86981201171875,207.5891571044922,16.0,128.0,137.0,0.5,0.05,50,50,64,9050,projected_sgd,62ae7bd64d0144c8cd36d72a442dd28153562a097bbaf76225deb49b8a4a9dbd,0.0675699934363365,2.066360593744321e-06,0.2599422931671142,1.0748553276062012,0.0584862604737281,4.199439823627472,2.940179540392559e-05,8.0,16.0,16.0,137.0,30087.0,32700.0,0.0168924983590841,0.5
van_havre,14,87,512,rseto_ipa_m512,287.1831359863281,256.607421875,16.0,512.0,521.0,0.5,0.05,50,50,64,9050,projected_sgd,62ae7bd64d0144c8cd36d72a442dd28153562a097bbaf76225deb49b8a4a9dbd,0.0002685910149011,8.213792312972146e-09,0.0163887459784746,0.8232760429382324,0.0003962784830946,4.213514864444733,1.7733122652836238e-07,8.0,16.0,16.0,521.0,30087.0,32700.0,6.714775372529402e-05,0.5
van_havre,14,87,2048,rseto_ipa_m2048,286.35198974609375,597.7489013671875,16.0,2048.0,2057.0,0.5,0.05,50,50,64,9050,projected_sgd,62ae7bd64d0144c8cd36d72a442dd28153562a097bbaf76225deb49b8a4a9dbd,1.1961176369368332e-06,3.6578521461771984e-11,0.001093671657145,0.5231543779373169,4.3703289520635735e-06,4.230407536029816,2.601995317620874e-09,8.0,16.0,16.0,2057.0,30087.0,32700.0,2.990294092342083e-07,0.5
van_havre,19,82,8,rseto_ipa_m8,283.27947998046875,252.9923858642578,16.0,8.0,17.0,0.5,0.05,50,50,64,9050,projected_sgd,e90c14de025c5c66c45a02b6be5e6e33f0a26e2a3ef3434173514d7a5d15ac0e,0.65216064453125,1.919248461490497e-05,0.8075646162033081,2.1001553535461426,0.1478603631258011,3.89591383934021,9.23685642451996e-05,8.0,16.0,16.0,17.0,30082.0,33980.0,0.1630401611328125,0.5
van_havre,19,82,32,rseto_ipa_m32,283.6071472167969,216.69854736328125,16.0,32.0,41.0,0.5,0.05,50,50,64,9050,projected_sgd,e90c14de025c5c66c45a02b6be5e6e33f0a26e2a3ef3434173514d7a5d15ac0e,0.0727629736065864,2.141347067663446e-06,0.2697461247444153,1.2839056253433228,0.0441412106156349,3.919449031352997,1.5381668272799027e-05,8.0,16.0,16.0,41.0,30082.0,33980.0,0.0181907434016466,0.5
van_havre,19,82,128,rseto_ipa_m128,283.10400390625,191.50799560546875,16.0,128.0,137.0,0.5,0.05,50,50,64,9050,projected_sgd,e90c14de025c5c66c45a02b6be5e6e33f0a26e2a3ef3434173514d7a5d15ac0e,0.2601296305656433,7.655374247406144e-06,0.5100290775299072,1.7700400352478027,0.0830278173089027,3.9222671389579777,2.617599940078565e-05,8.0,16.0,16.0,137.0,30082.0,33980.0,0.0650324076414108,0.5
van_havre,19,82,512,rseto_ipa_m512,283.0877685546875,188.93353271484375,16.0,512.0,521.0,0.5,0.05,50,50,64,9050,projected_sgd,e90c14de025c5c66c45a02b6be5e6e33f0a26e2a3ef3434173514d7a5d15ac0e,0.0039228750392794,1.1544658917728157e-07,0.0626328587532043,1.4190630912780762,0.0019480542978271,3.931879013776779,2.1904930339441568e-06,8.0,16.0,16.0,521.0,30082.0,33980.0,0.0009807187598198,0.5
van_havre,19,82,2048,rseto_ipa_m2048,283.07489013671875,191.7061462402344,16.0,2048.0,2057.0,0.5,0.05,50,50,64,9050,projected_sgd,e90c14de025c5c66c45a02b6be5e6e33f0a26e2a3ef3434173514d7a5d15ac0e,0.0009943306213244,2.9262231748816706e-08,0.0315330065786838,1.1995131969451904,0.0006910680094733,3.9377073645591736,6.105794706659903e-07,8.0,16.0,16.0,2057.0,30082.0,33980.0,0.0002485826553311,0.5
van_havre,19,15,8,rseto_ipa_m8,259.7478942871094,212.6403656005859,16.0,8.0,17.0,0.5,0.05,50,50,64,9050,projected_sgd,cb34c1839b2176d4bd532159eec9244289e92c58cbc2897c030cbb7489f2c296,68.4817123413086,0.0020153534132987,8.275367736816406,1.8546034097671509,19.910057067871097,3.7448412775993343,7.254725204981176e-05,8.0,16.0,16.0,17.0,30015.0,33980.0,17.12042808532715,0.5
van_havre,19,15,32,rseto_ipa_m32,260.9933166503906,187.65496826171875,16.0,32.0,41.0,0.5,0.05,50,50,64,9050,projected_sgd,cb34c1839b2176d4bd532159eec9244289e92c58cbc2897c030cbb7489f2c296,0.0461678467690944,1.3586770819529193e-06,0.2148670405149459,2.006507635116577,0.0114672165364027,3.685448825359345,2.5202649985495945e-05,8.0,16.0,16.0,41.0,30015.0,33980.0,0.0115419616922736,0.5
van_havre,19,15,128,rseto_ipa_m128,265.8544006347656,169.6731414794922,16.0,128.0,137.0,0.5,0.05,50,50,64,9050,projected_sgd,cb34c1839b2176d4bd532159eec9244289e92c58cbc2897c030cbb7489f2c296,0.0025816455017775,7.597544282589298e-08,0.0508098974823951,2.0982935428619385,0.0005863597616553,3.583498239517212,7.681831497003649e-06,8.0,16.0,16.0,137.0,30015.0,33980.0,0.0006454113754443,0.5
van_havre,19,15,512,rseto_ipa_m512,266.10174560546875,168.96920776367188,16.0,512.0,521.0,0.5,0.05,50,50,64,9050,projected_sgd,cb34c1839b2176d4bd532159eec9244289e92c58cbc2897c030cbb7489f2c296,0.0086828991770744,2.5552969873388065e-07,0.0931820720434188,2.108128070831299,0.00195375806652,3.5809411704540253,3.2972292832563914e-06,8.0,16.0,16.0,521.0,30015.0,33980.0,0.0021707247942686,0.5
van_havre,19,15,2048,rseto_ipa_m2048,265.9000549316406,169.6389923095703,16.0,2048.0,2057.0,0.5,0.05,50,50,64,9050,projected_sgd,cb34c1839b2176d4bd532159eec9244289e92c58cbc2897c030cbb7489f2c296,0.0059332097880542,1.7460888557252477e-07,0.077027328312397,2.094612836837769,0.0013523285742849,3.5886808931827545,1.6055355597391748e-06,8.0,16.0,16.0,2057.0,30015.0,33980.0,0.0014833024470135,0.5
van_havre,19,4,8,rseto_ipa_m8,291.42822265625,213.16839599609375,16.0,8.0,17.0,0.5,0.05,50,50,64,9050,projected_sgd,014743b694c72e3462cf0b24c3b60bf7f34ee273e487c71e494f3e7151444f4a,53.82996368408203,0.0015841660788282,7.336890697479248,3.2593085765838623,5.067259311676025,3.626308023929596,0.0121238438858191,8.0,16.0,16.0,17.0,30004.0,33980.0,13.457490921020508,0.5
van_havre,19,4,32,rseto_ipa_m32,291.9317626953125,169.51878356933594,16.0,32.0,41.0,0.5,0.05,50,50,64,9050,projected_sgd,014743b694c72e3462cf0b24c3b60bf7f34ee273e487c71e494f3e7151444f4a,0.1373705565929412,4.042688487970736e-06,0.3706353306770324,4.120214939117432,0.00809196382761,3.5880653262138367,6.759390633094751e-05,8.0,16.0,16.0,41.0,30004.0,33980.0,0.0343426391482353,0.5
van_havre,19,4,128,rseto_ipa_m128,294.0142822265625,156.74969482421875,16.0,128.0,137.0,0.5,0.05,50,50,64,9050,projected_sgd,014743b694c72e3462cf0b24c3b60bf7f34ee273e487c71e494f3e7151444f4a,0.115416519343853,3.3966014143516077e-06,0.3397300541400909,3.3496580123901367,0.0102864867076277,3.599371016025543,6.504074545432559e-05,8.0,16.0,16.0,137.0,30004.0,33980.0,0.0288541298359632,0.5
van_havre,19,4,512,rseto_ipa_m512,294.2901611328125,153.4639434814453,16.0,512.0,521.0,0.5,0.05,50,50,64,9050,projected_sgd,014743b694c72e3462cf0b24c3b60bf7f34ee273e487c71e494f3e7151444f4a,0.0234488639980554,6.90078422849183e-07,0.15313021838665,2.7632803916931152,0.0030709439888596,3.605837404727936,8.730296221821326e-06,8.0,16.0,16.0,521.0,30004.0,33980.0,0.0058622159995138,0.5
van_havre,19,4,2048,rseto_ipa_m2048,294.5558166503906,153.11199951171875,16.0,2048.0,2057.0,0.5,0.05,50,50,64,9050,projected_sgd,014743b694c72e3462cf0b24c3b60bf7f34ee273e487c71e494f3e7151444f4a,0.0087555423378944,2.576675228738168e-07,0.093571051955223,2.660365581512451,0.0012370874173939,3.602908819913864,7.712611613491e-07,8.0,16.0,16.0,2057.0,30004.0,33980.0,0.0021888855844736,0.5
van_havre,19,95,8,rseto_ipa_m8,300.466064453125,231.81985473632812,16.0,8.0,17.0,0.5,0.05,50,50,64,9050,projected_sgd,9ad55b69db990f153e8df55d08d68feb60c4decf80bac9cb3feaa01a3daf01f0,1.203519344329834,3.5418463085079566e-05,1.0970503091812134,2.8985979557037354,0.143244206905365,4.069707930088043,0.0002372380841109,8.0,16.0,16.0,17.0,30095.0,33980.0,0.3008798360824585,0.5
van_havre,19,95,32,rseto_ipa_m32,300.8793029785156,190.8265380859375,16.0,32.0,41.0,0.5,0.05,50,50,64,9050,projected_sgd,9ad55b69db990f153e8df55d08d68feb60c4decf80bac9cb3feaa01a3daf01f0,0.2372747957706451,6.9827779043407645e-06,0.4871086180210113,2.0980589389801025,0.05390340462327,4.097202181816101,2.3511123393810912e-05,8.0,16.0,16.0,41.0,30095.0,33980.0,0.0593186989426612,0.5
van_havre,19,95,128,rseto_ipa_m128,301.64892578125,187.49972534179688,16.0,128.0,137.0,0.5,0.05,50,50,64,9050,projected_sgd,9ad55b69db990f153e8df55d08d68feb60c4decf80bac9cb3feaa01a3daf01f0,0.1592414379119873,4.6863283387210686e-06,0.3990506827831268,2.407885789871216,0.0274652987718582,4.101960122585297,3.410375753430474e-05,8.0,16.0,16.0,137.0,30095.0,33980.0,0.0398103594779968,0.5
van_havre,19,95,512,rseto_ipa_m512,301.74713134765625,187.4741668701172,16.0,512.0,521.0,0.5,0.05,50,50,64,9050,projected_sgd,9ad55b69db990f153e8df55d08d68feb60c4decf80bac9cb3feaa01a3daf01f0,0.1425912529230117,4.196328973193886e-06,0.3776125609874725,1.8695368766784668,0.0407966785132885,4.109158277511597,6.252882030821638e-06,8.0,16.0,16.0,521.0,30095.0,33980.0,0.0356478132307529,0.5
van_havre,19,95,2048,rseto_ipa_m2048,302.20306396484375,186.65090942382812,16.0,2048.0,2057.0,0.5,0.05,50,50,64,9050,projected_sgd,9ad55b69db990f153e8df55d08d68feb60c4decf80bac9cb3feaa01a3daf01f0,0.0423590391874313,1.2465874306144542e-06,0.2058131098747253,1.487880825996399,0.0191341768950223,4.108267545700073,3.684236097407328e-06,8.0,16.0,16.0,2057.0,30095.0,33980.0,0.0105897597968578,0.5
van_havre,19,36,8,rseto_ipa_m8,270.6116943359375,295.4545593261719,16.0,8.0,17.0,0.5,0.05,50,50,64,9050,projected_sgd,344353085eac7599368c8293b9d7b13c9b161e2328eea7c4c8f4372fd91d881f,0.0626657754182815,1.8441958218318175e-06,0.2503313422203064,1.2147353887557983,0.0424685105681419,3.848375886678696,2.4131928608791705e-05,8.0,16.0,16.0,17.0,30036.0,33980.0,0.0156664438545703,0.5
van_havre,19,36,32,rseto_ipa_m32,271.86431884765625,216.9715118408203,16.0,32.0,41.0,0.5,0.05,50,50,64,9050,projected_sgd,344353085eac7599368c8293b9d7b13c9b161e2328eea7c4c8f4372fd91d881f,0.1641001105308532,4.8293145482602995e-06,0.405092716217041,3.8059616088867183,0.0113286999985575,3.727588385343552,7.07948034498632e-05,8.0,16.0,16.0,41.0,30036.0,33980.0,0.0410250276327133,0.5
van_havre,19,36,128,rseto_ipa_m128,273.135009765625,155.51266479492188,16.0,128.0,137.0,0.5,0.05,50,50,64,9050,projected_sgd,344353085eac7599368c8293b9d7b13c9b161e2328eea7c4c8f4372fd91d881f,0.0544757582247257,1.6031711993491626e-06,0.2334004193544387,1.4584226608276367,0.0256115850061178,3.813025116920471,1.0764335408046982e-05,8.0,16.0,16.0,137.0,30036.0,33980.0,0.0136189395561814,0.5
van_havre,19,36,512,rseto_ipa_m512,273.099365234375,154.62469482421875,16.0,512.0,521.0,0.5,0.05,50,50,64,9050,projected_sgd,344353085eac7599368c8293b9d7b13c9b161e2328eea7c4c8f4372fd91d881f,0.0009489700314588,2.792731024214845e-08,0.0308053568005561,1.203752040863037,0.0006549051613546,3.817484736442566,8.768716140496379e-08,8.0,16.0,16.0,521.0,30036.0,33980.0,0.0002372425078647,0.5
van_havre,19,36,2048,rseto_ipa_m2048,273.03863525390625,154.6741485595703,16.0,2048.0,2057.0,0.5,0.05,50,50,64,9050,projected_sgd,344353085eac7599368c8293b9d7b13c9b161e2328eea7c4c8f4372fd91d881f,2.640971433720551e-05,7.772135157679826e-10,0.0051390384323894,1.200192928314209,1.8334183550905436e-05,3.8187279999256134,1.2338082301864365e-08,8.0,16.0,16.0,2057.0,30036.0,33980.0,6.602428584301379e-06,0.5
van_havre,19,32,8,rseto_ipa_m8,290.06646728515625,226.01014709472656,16.0,8.0,17.0,0.5,0.05,50,50,64,9050,projected_sgd,0e8e7ba1b996a83247ff72e097e04945b4323c5a483812f55a660af0e25531b8,3725.68701171875,0.1096435263752937,61.03840637207031,47.12819290161133,1.677431583404541,12.440104842185974,0.4545106186420103,8.0,16.0,16.0,17.0,30032.0,33980.0,931.4217529296876,0.5
van_havre,19,32,32,rseto_ipa_m32,290.5345153808594,174.40676879882812,16.0,32.0,41.0,0.5,0.05,50,50,64,9050,projected_sgd,0e8e7ba1b996a83247ff72e097e04945b4323c5a483812f55a660af0e25531b8,24.667503356933594,0.0007259418489411,4.966639041900635,25.91608238220215,0.0367270894348621,12.2420916557312,0.2827603675019158,8.0,16.0,16.0,41.0,30032.0,33980.0,6.166875839233398,0.5
van_havre,19,32,128,rseto_ipa_m128,290.1590270996094,164.78880310058594,16.0,128.0,137.0,0.5,0.05,50,50,64,9050,projected_sgd,0e8e7ba1b996a83247ff72e097e04945b4323c5a483812f55a660af0e25531b8,4.698566436767578,0.0001382744667353,2.1676177978515625,25.27357292175293,0.0073558371514081,11.745592594146729,0.0085756407830298,8.0,16.0,16.0,137.0,30032.0,33980.0,1.1746416091918943,0.5
van_havre,19,32,512,rseto_ipa_m512,290.06103515625,165.0114288330078,16.0,512.0,521.0,0.5,0.05,50,50,64,9050,projected_sgd,0e8e7ba1b996a83247ff72e097e04945b4323c5a483812f55a660af0e25531b8,1.1728157997131348,3.451488373684697e-05,1.0829662084579468,24.811359405517575,0.001905148033984,11.837854862213137,0.001097451467753,8.0,16.0,16.0,521.0,30032.0,33980.0,0.2932039499282837,0.5
van_havre,19,32,2048,rseto_ipa_m2048,290.4244079589844,165.7852325439453,16.0,2048.0,2057.0,0.5,0.05,50,50,64,9050,projected_sgd,0e8e7ba1b996a83247ff72e097e04945b4323c5a483812f55a660af0e25531b8,0.2526655197143554,7.435712632286595e-06,0.5026584267616272,25.614057540893555,0.0003851139044854,11.987424731254578,0.0002084893017614,8.0,16.0,16.0,2057.0,30032.0,33980.0,0.0631663799285888,0.5
van_havre,19,29,8,rseto_ipa_m8,283.4186096191406,234.57745361328125,16.0,8.0,17.0,0.5,0.05,50,50,64,9050,projected_sgd,439de3d690b01dbb6f7a8469b4b9b8672c57793ee92d3786cd52bd508352ce25,0.546015739440918,1.6068737750174478e-05,0.7389287948608398,2.123603105545044,0.1210761070251464,4.112347066402435,0.0002865485984224,8.0,16.0,16.0,17.0,30029.0,33980.0,0.1365039348602295,0.5
van_havre,19,29,32,rseto_ipa_m32,290.1933898925781,180.99668884277344,16.0,32.0,41.0,0.5,0.05,50,50,64,9050,projected_sgd,439de3d690b01dbb6f7a8469b4b9b8672c57793ee92d3786cd52bd508352ce25,1.1326581239700315,3.333308268338442e-05,1.064264178276062,4.814857006072998,0.0488575920462608,3.914565533399582,3.3491618401017475e-05,8.0,16.0,16.0,41.0,30029.0,33980.0,0.2831645309925079,0.5
van_havre,19,29,128,rseto_ipa_m128,288.7604675292969,172.3188018798828,16.0,128.0,137.0,0.5,0.05,50,50,64,9050,projected_sgd,439de3d690b01dbb6f7a8469b4b9b8672c57793ee92d3786cd52bd508352ce25,0.1668572425842285,4.91045466333162e-06,0.408481627702713,3.660266876220703,0.0124543067067861,4.023413717746735,4.0306926974510914e-05,8.0,16.0,16.0,137.0,30029.0,33980.0,0.0417143106460571,0.5
van_havre,19,29,512,rseto_ipa_m512,289.7527160644531,173.12583923339844,16.0,512.0,521.0,0.5,0.05,50,50,64,9050,projected_sgd,439de3d690b01dbb6f7a8469b4b9b8672c57793ee92d3786cd52bd508352ce25,0.0300180036574602,8.83402094586927e-07,0.1732570379972458,3.4157469272613525,0.0025728258769959,4.005990266799927,2.6215906733081544e-06,8.0,16.0,16.0,521.0,30029.0,33980.0,0.007504500914365,0.5
van_havre,19,29,2048,rseto_ipa_m2048,303.8780517578125,170.21685791015625,16.0,2048.0,2057.0,0.5,0.05,50,50,64,9050,projected_sgd,439de3d690b01dbb6f7a8469b4b9b8672c57793ee92d3786cd52bd508352ce25,0.0017589685739949,5.1764818209676384e-08,0.0419400595128536,2.883871793746948,0.0002114979724865,3.665317445993423,1.3714791841883717e-07,8.0,16.0,16.0,2057.0,30029.0,33980.0,0.0004397421434987,0.5
van_havre,19,18,8,rseto_ipa_m8,288.8390197753906,243.0534515380859,16.0,8.0,17.0,0.5,0.05,50,50,64,9050,projected_sgd,4a91b525a05403bd2ba4d60081a6b7d241a91ee42b190c869365c0435cb30eac,0.1540345400571823,4.533094397629611e-06,0.392472356557846,1.7669520378112793,0.0493365302681922,3.925185948610306,1.984556202318442e-05,8.0,16.0,16.0,17.0,30018.0,33980.0,0.0385086350142955,0.5
van_havre,19,18,32,rseto_ipa_m32,290.4647216796875,218.6996154785156,16.0,32.0,41.0,0.5,0.05,50,50,64,9050,projected_sgd,4a91b525a05403bd2ba4d60081a6b7d241a91ee42b190c869365c0435cb30eac,0.1068249344825744,3.1437591587746283e-06,0.3268408477306366,2.856940269470215,0.0130879106000065,3.8728208243846898,9.784331915848757e-05,8.0,16.0,16.0,41.0,30018.0,33980.0,0.0267062336206436,0.5
van_havre,19,18,128,rseto_ipa_m128,291.2957458496094,157.85183715820312,16.0,128.0,137.0,0.5,0.05,50,50,64,9050,projected_sgd,4a91b525a05403bd2ba4d60081a6b7d241a91ee42b190c869365c0435cb30eac,0.0513137094676494,1.5101149983820503e-06,0.2265252918004989,1.578559160232544,0.0205926243215799,3.905933111906051,8.40459388586266e-06,8.0,16.0,16.0,137.0,30018.0,33980.0,0.0128284273669123,0.5
van_havre,19,18,512,rseto_ipa_m512,291.49127197265625,157.63426208496094,16.0,512.0,521.0,0.5,0.05,50,50,64,9050,projected_sgd,4a91b525a05403bd2ba4d60081a6b7d241a91ee42b190c869365c0435cb30eac,0.0017132796347141,5.0420236874515474e-08,0.0413917824625968,1.374434471130371,0.0009069432853721,3.9048514664173126,3.361804965200983e-07,8.0,16.0,16.0,521.0,30018.0,33980.0,0.0004283199086785,0.5
van_havre,19,18,2048,rseto_ipa_m2048,291.70220947265625,157.61561584472656,16.0,2048.0,2057.0,0.5,0.05,50,50,64,9050,projected_sgd,4a91b525a05403bd2ba4d60081a6b7d241a91ee42b190c869365c0435cb30eac,0.0021617538295686,6.361841542457114e-08,0.0464946627616882,1.5875420570373535,0.0008577401749789,3.9010570347309113,4.827867061050841e-07,8.0,16.0,16.0,2057.0,30018.0,33980.0,0.0005404384573921,0.5
van_havre,19,14,8,rseto_ipa_m8,300.80499267578125,228.68655395507812,16.0,8.0,17.0,0.5,0.05,50,50,64,9050,projected_sgd,8b60cc7cd2d0502657b6d4a688ac57f4e62662c311c90c8b07a99216e8412a45,0.2085465937852859,6.137333457445493e-06,0.4566690325736999,4.693832874298096,0.0094655929133296,3.397296577692032,6.508642419536923e-05,8.0,16.0,16.0,17.0,30014.0,33980.0,0.0521366484463214,0.5
van_havre,19,14,32,rseto_ipa_m32,298.90728759765625,191.6358642578125,16.0,32.0,41.0,0.5,0.05,50,50,64,9050,projected_sgd,8b60cc7cd2d0502657b6d4a688ac57f4e62662c311c90c8b07a99216e8412a45,0.6902145147323608,2.0312374545028433e-05,0.8307914733886719,5.716037750244141,0.0211248639971017,3.4322583377361298,0.0002410547067392,8.0,16.0,16.0,41.0,30014.0,33980.0,0.1725536286830902,0.5
van_havre,19,14,128,rseto_ipa_m128,282.3260803222656,173.89390563964844,16.0,128.0,137.0,0.5,0.05,50,50,64,9050,projected_sgd,8b60cc7cd2d0502657b6d4a688ac57f4e62662c311c90c8b07a99216e8412a45,0.0797821730375289,2.3479155970562715e-06,0.2824573814868927,2.220493793487549,0.0161810517311096,3.8462992310523982,3.643236641031373e-05,8.0,16.0,16.0,137.0,30014.0,33980.0,0.0199455432593822,0.5
van_havre,19,14,512,rseto_ipa_m512,283.8016357421875,173.46810913085938,16.0,512.0,521.0,0.5,0.05,50,50,64,9050,projected_sgd,8b60cc7cd2d0502657b6d4a688ac57f4e62662c311c90c8b07a99216e8412a45,0.0587589964270591,1.7292229586018948e-06,0.2424025535583496,2.215261220932007,0.0119735933840274,3.831890344619751,6.495658242654047e-06,8.0,16.0,16.0,521.0,30014.0,33980.0,0.0146897491067647,0.5
van_havre,19,14,2048,rseto_ipa_m2048,283.49530029296875,174.8827667236328,16.0,2048.0,2057.0,0.5,0.05,50,50,64,9050,projected_sgd,8b60cc7cd2d0502657b6d4a688ac57f4e62662c311c90c8b07a99216e8412a45,0.0009158288594335,2.6951996190405225e-08,0.0302626639604568,1.7680578231811523,0.0002929688198491,3.840346038341522,2.107502358025418e-07,8.0,16.0,16.0,2057.0,30014.0,33980.0,0.0002289572148583,0.5
van_havre,19,87,8,rseto_ipa_m8,275.06842041015625,221.3909454345703,16.0,8.0,17.0,0.5,0.05,50,50,64,9050,projected_sgd,2d8482644992adbc5177e00461037ae5db4729538c8910256bd5a2d680a792dc,240.23046875,0.0070697609335184,15.499369621276855,20.85977554321289,0.5520886778831482,16.369043231010437,0.1760685600696985,8.0,16.0,16.0,17.0,30087.0,33980.0,60.0576171875,0.5
van_havre,19,87,32,rseto_ipa_m32,275.1929626464844,196.4475250244141,16.0,32.0,41.0,0.5,0.05,50,50,64,9050,projected_sgd,2d8482644992adbc5177e00461037ae5db4729538c8910256bd5a2d680a792dc,35.109153747558594,0.0010332299862056,5.925297737121582,17.018640518188477,0.1212189942598342,16.158506155014038,0.107503721680132,8.0,16.0,16.0,41.0,30087.0,33980.0,8.777288436889648,0.5
van_havre,19,87,128,rseto_ipa_m128,275.34515380859375,179.11459350585938,16.0,128.0,137.0,0.5,0.05,50,50,64,9050,projected_sgd,2d8482644992adbc5177e00461037ae5db4729538c8910256bd5a2d680a792dc,5.6026225090026855,0.0001648800098337,2.366986036300659,16.811992645263672,0.0198222510516643,15.944117665290833,0.001271177757433,8.0,16.0,16.0,137.0,30087.0,33980.0,1.4006556272506714,0.5
van_havre,19,87,512,rseto_ipa_m512,275.6293029785156,171.99530029296875,16.0,512.0,521.0,0.5,0.05,50,50,64,9050,projected_sgd,2d8482644992adbc5177e00461037ae5db4729538c8910256bd5a2d680a792dc,1.0396299362182615,3.05953471979592e-05,1.0196224451065063,18.01059913635254,0.003204959211871,15.99598491191864,0.0004329358485425,8.0,16.0,16.0,521.0,30087.0,33980.0,0.2599074840545654,0.5
van_havre,19,87,2048,rseto_ipa_m2048,275.8183898925781,169.67074584960938,16.0,2048.0,2057.0,0.5,0.05,50,50,64,9050,projected_sgd,2d8482644992adbc5177e00461037ae5db4729538c8910256bd5a2d680a792dc,0.1774697452783584,5.222770596446935e-06,0.4212715923786163,18.669404983520508,0.0005091706407256,16.026587963104248,8.717291737931581e-05,8.0,16.0,16.0,2057.0,30087.0,33980.0,0.0443674363195896,0.5
van_havre,24,82,8,rseto_ipa_m8,295.4744567871094,252.20260620117188,16.0,8.0,17.0,0.5,0.05,50,50,64,9050,projected_sgd,f65e2e3fee45552dfb040927016ac1bc1e174b76c30dedf9d31858b6be12e52a,116.80159759521484,0.0033125807531177,10.80747890472412,3.019878625869751,12.807660102844238,3.8476466238498688,0.0005118531840925,8.0,16.0,16.0,17.0,30082.0,35260.0,29.20039939880371,0.5
van_havre,24,82,32,rseto_ipa_m32,296.8369140625,206.01931762695312,16.0,32.0,41.0,0.5,0.05,50,50,64,9050,projected_sgd,f65e2e3fee45552dfb040927016ac1bc1e174b76c30dedf9d31858b6be12e52a,0.1754392236471176,4.975587671651738e-06,0.4188546538352966,1.9558528661727903,0.045862141996622,3.8501339852809906,6.1028375300103175e-05,8.0,16.0,16.0,41.0,30082.0,35260.0,0.0438598059117794,0.5
van_havre,24,82,128,rseto_ipa_m128,296.24652099609375,194.09266662597656,16.0,128.0,137.0,0.5,0.05,50,50,64,9050,projected_sgd,f65e2e3fee45552dfb040927016ac1bc1e174b76c30dedf9d31858b6be12e52a,0.2655355334281921,7.530786660936428e-06,0.5153014063835144,1.7175047397613523,0.0900174528360366,3.869441330432892,1.7603170862555218e-05,8.0,16.0,16.0,137.0,30082.0,35260.0,0.066383883357048,0.5
van_havre,24,82,512,rseto_ipa_m512,296.436767578125,193.4646453857422,16.0,512.0,521.0,0.5,0.05,50,50,64,9050,projected_sgd,f65e2e3fee45552dfb040927016ac1bc1e174b76c30dedf9d31858b6be12e52a,0.0319606438279151,9.064277719517122e-07,0.1787753999233245,1.1799205541610718,0.0229567252099514,3.873894512653351,2.7147838466135e-06,8.0,16.0,16.0,521.0,30082.0,35260.0,0.0079901609569787,0.5
van_havre,24,82,2048,rseto_ipa_m2048,296.6613464355469,193.21080017089844,16.0,2048.0,2057.0,0.5,0.05,50,50,64,9050,projected_sgd,f65e2e3fee45552dfb040927016ac1bc1e174b76c30dedf9d31858b6be12e52a,0.0018890734063461,5.3575536895777987e-08,0.043463472276926,1.12777578830719,0.0014852627646178,3.875844210386276,7.009128992763181e-07,8.0,16.0,16.0,2057.0,30082.0,35260.0,0.0004722683515865,0.5
van_havre,24,15,8,rseto_ipa_m8,307.4986877441406,216.9000701904297,16.0,8.0,17.0,0.5,0.05,50,50,64,9050,projected_sgd,5a78676afe9eb620446c1fe56d9a29cfcfcf328a303b8ba592aa354981a60fa2,62.21075439453125,0.001764343585819,7.887379646301269,3.282464027404785,5.773849964141846,3.832328647375107,0.0032187034827941,8.0,16.0,16.0,17.0,30015.0,35260.0,15.552688598632812,0.5
van_havre,24,15,32,rseto_ipa_m32,311.8226318359375,174.6086883544922,16.0,32.0,41.0,0.5,0.05,50,50,64,9050,projected_sgd,5a78676afe9eb620446c1fe56d9a29cfcfcf328a303b8ba592aa354981a60fa2,0.0643783807754516,1.8258190266351448e-06,0.2537289559841156,4.397418022155762,0.0033292355947196,3.789056807756424,9.802159532158936e-05,8.0,16.0,16.0,41.0,30015.0,35260.0,0.0160945951938629,0.5
van_havre,24,15,128,rseto_ipa_m128,314.5096130371094,167.7898406982422,16.0,128.0,137.0,0.5,0.05,50,50,64,9050,projected_sgd,5a78676afe9eb620446c1fe56d9a29cfcfcf328a303b8ba592aa354981a60fa2,0.0703429654240608,1.994979129449348e-06,0.2652224898338318,4.047872066497803,0.0042930617928504,3.8131851255893703,1.6591134371627243e-05,8.0,16.0,16.0,137.0,30015.0,35260.0,0.0175857413560152,0.5
van_havre,24,15,512,rseto_ipa_m512,314.8336181640625,166.86256408691406,16.0,512.0,521.0,0.5,0.05,50,50,64,9050,projected_sgd,5a78676afe9eb620446c1fe56d9a29cfcfcf328a303b8ba592aa354981a60fa2,0.0334990695118904,9.500586770627706e-07,0.1830275058746338,3.957491874694824,0.0021389108151197,3.814739286899566,6.367603836971674e-06,8.0,16.0,16.0,521.0,30015.0,35260.0,0.0083747673779726,0.5
van_havre,24,15,2048,rseto_ipa_m2048,313.8777770996094,166.67308044433594,16.0,2048.0,2057.0,0.5,0.05,50,50,64,9050,projected_sgd,5a78676afe9eb620446c1fe56d9a29cfcfcf328a303b8ba592aa354981a60fa2,0.002521629910916,7.151530923010796e-08,0.05021583288908,3.5516371726989746,0.0001999052328756,3.8331894874572754,4.821581731968243e-07,8.0,16.0,16.0,2057.0,30015.0,35260.0,0.000630407477729,0.5
van_havre,24,4,8,rseto_ipa_m8,273.4944763183594,253.39520263671875,16.0,8.0,17.0,0.5,0.05,50,50,64,9050,projected_sgd,24f8fdf6639f15d45bc8b33c914ce3cae4852577ec012af04d0679354cfd478e,0.137551262974739,3.901056970789796e-06,0.370879054069519,1.6037145853042605,0.0534823462367057,3.714565187692642,5.3221774869882665e-05,8.0,16.0,16.0,17.0,30004.0,35260.0,0.0343878157436847,0.5
van_havre,24,4,32,rseto_ipa_m32,273.4518737792969,209.4618377685547,16.0,32.0,41.0,0.5,0.05,50,50,64,9050,projected_sgd,24f8fdf6639f15d45bc8b33c914ce3cae4852577ec012af04d0679354cfd478e,0.049327328801155,1.398959966536495e-06,0.222097560763359,1.638492226600647,0.0183737929910421,3.7302194833755498,2.458641215850678e-05,8.0,16.0,16.0,41.0,30004.0,35260.0,0.0123318322002887,0.5
van_havre,24,4,128,rseto_ipa_m128,273.95526123046875,157.57833862304688,16.0,128.0,137.0,0.5,0.05,50,50,64,9050,projected_sgd,24f8fdf6639f15d45bc8b33c914ce3cae4852577ec012af04d0679354cfd478e,0.040240965783596,1.1412639651098289e-06,0.2006015032529831,1.360201120376587,0.0217501427978277,3.756220579147339,1.5507840868979527e-05,8.0,16.0,16.0,137.0,30004.0,35260.0,0.010060241445899,0.5
van_havre,24,4,512,rseto_ipa_m512,274.0375061035156,156.9290008544922,16.0,512.0,521.0,0.5,0.05,50,50,64,9050,projected_sgd,24f8fdf6639f15d45bc8b33c914ce3cae4852577ec012af04d0679354cfd478e,0.0075836139731109,2.150769660147489e-07,0.087083950638771,1.1393669843673706,0.0058418302796781,3.763911217451096,3.208598878399828e-06,8.0,16.0,16.0,521.0,30004.0,35260.0,0.0018959034932777,0.5
van_havre,24,4,2048,rseto_ipa_m2048,274.1244201660156,156.66932678222656,16.0,2048.0,2057.0,0.5,0.05,50,50,64,9050,projected_sgd,24f8fdf6639f15d45bc8b33c914ce3cae4852577ec012af04d0679354cfd478e,0.0103548904880881,2.936724570190563e-07,0.1017589792609214,1.0275543928146362,0.0098069943487644,3.765488505363464,1.6268023240887229e-06,8.0,16.0,16.0,2057.0,30004.0,35260.0,0.002588722622022,0.5
van_havre,24,95,8,rseto_ipa_m8,300.2505798339844,233.74456787109375,16.0,8.0,17.0,0.5,0.05,50,50,64,9050,projected_sgd,034a99a1b5b26fc7df9732d0902f029688a018e153bc371c25ec215c4322a6d6,0.2930324673652649,8.310620614793152e-06,0.5413247346878052,3.808951377868652,0.0201978385448455,3.670015126466751,0.000339965679431,8.0,16.0,16.0,17.0,30095.0,35260.0,0.0732581168413162,0.5
van_havre,24,95,32,rseto_ipa_m32,300.781005859375,196.74395751953125,16.0,32.0,41.0,0.5,0.05,50,50,64,9050,projected_sgd,034a99a1b5b26fc7df9732d0902f029688a018e153bc371c25ec215c4322a6d6,0.4416037797927856,1.2524214071163442e-05,0.6645327806472778,3.6190152168273926,0.0337172374129295,3.683479607105255,0.0001594974477866,8.0,16.0,16.0,41.0,30095.0,35260.0,0.1104009449481964,0.5
van_havre,24,95,128,rseto_ipa_m128,301.2226867675781,191.1608734130859,16.0,128.0,137.0,0.5,0.05,50,50,64,9050,projected_sgd,034a99a1b5b26fc7df9732d0902f029688a018e153bc371c25ec215c4322a6d6,0.055288016796112,1.5680095657444326e-06,0.2351340353488922,2.930210828781128,0.0064392206259071,3.714529871940613,1.2815516259122108e-05,8.0,16.0,16.0,137.0,30095.0,35260.0,0.013822004199028,0.5
van_havre,24,95,512,rseto_ipa_m512,301.2244567871094,191.20399475097656,16.0,512.0,521.0,0.5,0.05,50,50,64,9050,projected_sgd,034a99a1b5b26fc7df9732d0902f029688a018e153bc371c25ec215c4322a6d6,0.1115880832076072,3.1647216474084416e-06,0.3340480327606201,2.9525012969970703,0.0128008164465427,3.7143966257572174,3.088360439664127e-05,8.0,16.0,16.0,521.0,30095.0,35260.0,0.0278970208019018,0.5
van_havre,24,95,2048,rseto_ipa_m2048,301.5513000488281,190.75001525878903,16.0,2048.0,2057.0,0.5,0.05,50,50,64,9050,projected_sgd,034a99a1b5b26fc7df9732d0902f029688a018e153bc371c25ec215c4322a6d6,0.0964577347040176,2.7356136342859827e-06,0.310576468706131,2.909454107284546,0.0113949915394186,3.714704692363739,8.290445419691292e-06,8.0,16.0,16.0,2057.0,30095.0,35260.0,0.0241144336760044,0.5
van_havre,24,36,8,rseto_ipa_m8,285.7837219238281,241.5379943847656,16.0,8.0,17.0,0.5,0.05,50,50,64,9050,projected_sgd,38edd7c92e557218e0e5da00079ebae40f281643899ce6f87ea9cc759703b5d7,19.666669845581055,0.0005577614647336,4.434711933135986,24.590839385986328,0.032522514462471,19.71198272705078,0.0245726152508203,8.0,16.0,16.0,17.0,30036.0,35260.0,4.916667461395264,0.5
van_havre,24,36,32,rseto_ipa_m32,291.4179382324219,187.582275390625,16.0,32.0,41.0,0.5,0.05,50,50,64,9050,projected_sgd,38edd7c92e557218e0e5da00079ebae40f281643899ce6f87ea9cc759703b5d7,6.305770397186279,0.0001788363733794,2.511129379272461,26.106346130371097,0.0092522213235497,20.760723114013672,0.0045551320799859,8.0,16.0,16.0,41.0,30036.0,35260.0,1.5764425992965698,0.5
van_havre,24,36,128,rseto_ipa_m128,295.3609619140625,156.33396911621094,16.0,128.0,137.0,0.5,0.05,50,50,64,9050,projected_sgd,38edd7c92e557218e0e5da00079ebae40f281643899ce6f87ea9cc759703b5d7,9.542052268981934,0.0002706197556108,3.0890212059020996,28.19634056091309,0.0120020741596817,21.325639009475708,0.0036547840748945,8.0,16.0,16.0,137.0,30036.0,35260.0,2.3855130672454834,0.5
van_havre,24,36,512,rseto_ipa_m512,294.5596618652344,156.1031036376953,16.0,512.0,521.0,0.5,0.05,50,50,64,9050,projected_sgd,38edd7c92e557218e0e5da00079ebae40f281643899ce6f87ea9cc759703b5d7,0.9351550340652466,2.6521696781856008e-05,0.9670341610908508,26.39344596862793,0.001342429430224,21.122423887252808,0.0001536945824227,8.0,16.0,16.0,521.0,30036.0,35260.0,0.2337887585163116,0.5
van_havre,24,36,2048,rseto_ipa_m2048,294.6599426269531,155.70762634277344,16.0,2048.0,2057.0,0.5,0.05,50,50,64,9050,projected_sgd,38edd7c92e557218e0e5da00079ebae40f281643899ce6f87ea9cc759703b5d7,0.113852858543396,3.228952209610725e-06,0.3374208807945251,26.141857147216797,0.0001665984891587,21.124503135681152,5.840411384789539e-05,8.0,16.0,16.0,2057.0,30036.0,35260.0,0.028463214635849,0.5
van_havre,24,32,8,rseto_ipa_m8,280.654296875,320.802001953125,16.0,8.0,17.0,0.5,0.05,50,50,64,9050,projected_sgd,7ddc4c2625d48f6738f51037be51831c37c04e58a0aa4965b9790c3ecd0145bb,0.0001332912070211,3.780238344575082e-09,0.011545181274414,0.41808021068573,0.000762574491091,4.122933745384216,1.5464331681869228e-07,8.0,16.0,16.0,17.0,30032.0,35260.0,3.332280175527558e-05,0.5
van_havre,24,32,32,rseto_ipa_m32,281.6783447265625,346.02081298828125,16.0,32.0,41.0,0.5,0.05,50,50,64,9050,projected_sgd,7ddc4c2625d48f6738f51037be51831c37c04e58a0aa4965b9790c3ecd0145bb,0.0001535686315037,4.355321436833037e-09,0.0123922815546393,0.6758732795715332,0.0003361800336278,4.100360810756683,1.8552590371915097e-07,8.0,16.0,16.0,41.0,30032.0,35260.0,3.839215787593275e-05,0.5
van_havre,24,32,128,rseto_ipa_m128,293.9270935058594,166.75360107421875,16.0,128.0,137.0,0.5,0.05,50,50,64,9050,projected_sgd,7ddc4c2625d48f6738f51037be51831c37c04e58a0aa4965b9790c3ecd0145bb,0.0606872104108333,1.7211347085321904e-06,0.2463477402925491,2.6550838947296143,0.0086087612435221,3.8144030272960663,2.2408536055300893e-05,8.0,16.0,16.0,137.0,30032.0,35260.0,0.0151718026027083,0.5
van_havre,24,32,512,rseto_ipa_m512,294.0027160644531,167.8009490966797,16.0,512.0,521.0,0.5,0.05,50,50,64,9050,projected_sgd,7ddc4c2625d48f6738f51037be51831c37c04e58a0aa4965b9790c3ecd0145bb,0.0037348209880292,1.0592231802775133e-07,0.0611131824553012,2.4330127239227295,0.000630929833278,3.8087994754314423,1.2675946864858036e-06,8.0,16.0,16.0,521.0,30032.0,35260.0,0.0009337052470073,0.5
van_havre,24,32,2048,rseto_ipa_m2048,294.0740661621094,167.93576049804688,16.0,2048.0,2057.0,0.5,0.05,50,50,64,9050,projected_sgd,7ddc4c2625d48f6738f51037be51831c37c04e58a0aa4965b9790c3ecd0145bb,0.0003708964795805,1.0518902193723534e-08,0.0192586723715066,2.3842992782592773,6.524258787976578e-05,3.8068366050720215,3.770356248164067e-07,8.0,16.0,16.0,2057.0,30032.0,35260.0,9.272411989513785e-05,0.5
van_havre,24,29,8,rseto_ipa_m8,302.56072998046875,247.45477294921875,16.0,8.0,17.0,0.5,0.05,50,50,64,9050,projected_sgd,ebc5b3dcf6b371418d919278962342ffc5663f5fc9ed357ebc15e858e930a4bf,141.08157348632812,0.0040011792443692,11.87777614593506,3.4589879512786865,11.791584968566896,4.105147480964661,0.0022503196565172,8.0,16.0,16.0,17.0,30029.0,35260.0,35.27039337158203,0.5
van_havre,24,29,32,rseto_ipa_m32,303.9302062988281,175.06663513183594,16.0,32.0,41.0,0.5,0.05,50,50,64,9050,projected_sgd,ebc5b3dcf6b371418d919278962342ffc5663f5fc9ed357ebc15e858e930a4bf,0.24466173350811,6.938789738342166e-06,0.4946329295635223,2.0609703063964844,0.057600013911724,4.090047061443329,5.632152195289564e-05,8.0,16.0,16.0,41.0,30029.0,35260.0,0.0611654333770275,0.5
van_havre,24,29,128,rseto_ipa_m128,304.2437438964844,167.078125,16.0,128.0,137.0,0.5,0.05,50,50,64,9050,projected_sgd,ebc5b3dcf6b371418d919278962342ffc5663f5fc9ed357ebc15e858e930a4bf,0.0407873056828975,1.1567585715965834e-06,0.2019586712121963,1.5919489860534668,0.0160941015928983,4.109914422035217,9.514888574813083e-06,8.0,16.0,16.0,137.0,30029.0,35260.0,0.0101968264207243,0.5
van_havre,24,29,512,rseto_ipa_m512,304.34393310546875,165.9398651123047,16.0,512.0,521.0,0.5,0.05,50,50,64,9050,projected_sgd,ebc5b3dcf6b371418d919278962342ffc5663f5fc9ed357ebc15e858e930a4bf,0.00580734340474,1.647006087068803e-07,0.0762059241533279,1.5933451652526855,0.0022874823771417,4.106747210025787,1.1329675788017218e-07,8.0,16.0,16.0,521.0,30029.0,35260.0,0.001451835851185,0.5
van_havre,24,29,2048,rseto_ipa_m2048,304.2439880371094,165.88763427734375,16.0,2048.0,2057.0,0.5,0.05,50,50,64,9050,projected_sgd,ebc5b3dcf6b371418d919278962342ffc5663f5fc9ed357ebc15e858e930a4bf,3.9614362322026864e-05,1.1234929653269887e-09,0.0062939939089119,1.5267714262008667,1.6994354155031033e-05,4.109184563159943,1.0183348259878194e-08,8.0,16.0,16.0,2057.0,30029.0,35260.0,9.903590580506716e-06,0.5
van_havre,24,18,8,rseto_ipa_m8,291.5296630859375,222.6466064453125,16.0,8.0,17.0,0.5,0.05,50,50,64,9050,projected_sgd,0e2f7db9d430b70dafb98508e2df300aff9a26a16a7056561d22b8ab74998288,46.989261627197266,0.0013326506596058,6.8548712730407715,2.503509759902954,7.497215747833252,3.8491324186325073,0.012305317675506,8.0,16.0,16.0,17.0,30018.0,35260.0,11.747315406799316,0.5
van_havre,24,18,32,rseto_ipa_m32,291.7290344238281,163.0998992919922,16.0,32.0,41.0,0.5,0.05,50,50,64,9050,projected_sgd,0e2f7db9d430b70dafb98508e2df300aff9a26a16a7056561d22b8ab74998288,119.16831970214844,0.0033797028008848,10.916424751281738,3.2181382179260254,11.506717681884766,3.851791113615036,0.0071148377497729,8.0,16.0,16.0,41.0,30018.0,35260.0,29.79207992553711,0.5
van_havre,24,18,128,rseto_ipa_m128,292.1644287109375,155.74758911132812,16.0,128.0,137.0,0.5,0.05,50,50,64,9050,projected_sgd,0e2f7db9d430b70dafb98508e2df300aff9a26a16a7056561d22b8ab74998288,0.0143743939697742,4.07668579782694e-07,0.1198932603001594,1.0102169513702393,0.0140851093456149,3.835370659828186,3.3623427303349932e-06,8.0,16.0,16.0,137.0,30018.0,35260.0,0.0035935984924435,0.5
van_havre,24,18,512,rseto_ipa_m512,292.15093994140625,155.4720458984375,16.0,512.0,521.0,0.5,0.05,50,50,64,9050,projected_sgd,0e2f7db9d430b70dafb98508e2df300aff9a26a16a7056561d22b8ab74998288,0.0008798417984507,2.4952973021186153e-08,0.0296621266752481,0.964646339416504,0.000945514824707,3.832675039768219,9.426882944093709e-08,8.0,16.0,16.0,521.0,30018.0,35260.0,0.0002199604496126,0.5
van_havre,24,18,2048,rseto_ipa_m2048,292.1282958984375,155.44619750976562,16.0,2048.0,2057.0,0.5,0.05,50,50,64,9050,projected_sgd,0e2f7db9d430b70dafb98508e2df300aff9a26a16a7056561d22b8ab74998288,1.1522388376761228e-05,3.2678357242410527e-10,0.0033944642636924,0.9644756317138672,1.238682398252422e-05,3.8323101699352264,1.2310537605182098e-08,8.0,16.0,16.0,2057.0,30018.0,35260.0,2.880597094190307e-06,0.5
van_havre,24,14,8,rseto_ipa_m8,325.3687744140625,228.72071838378903,16.0,8.0,17.0,0.5,0.05,50,50,64,9050,projected_sgd,2c92acfd77cf80bff02e46f06aa0e2ca1ff366c0ffab8f9b69d5edf783a95097,0.2693738341331482,7.639643627044279e-06,0.5190123915672302,4.958765983581543,0.0109548941254615,3.369969427585602,0.0001539114525996,8.0,16.0,16.0,17.0,30014.0,35260.0,0.067343458533287,0.5
van_havre,24,14,32,rseto_ipa_m32,325.75164794921875,187.41165161132812,16.0,32.0,41.0,0.5,0.05,50,50,64,9050,projected_sgd,2c92acfd77cf80bff02e46f06aa0e2ca1ff366c0ffab8f9b69d5edf783a95097,0.1688266694545745,4.788050773640862e-06,0.410885214805603,5.154933452606201,0.0063532348722219,3.6243428885936737,0.000180019840748,8.0,16.0,16.0,41.0,30014.0,35260.0,0.0422066673636436,0.5
van_havre,24,14,128,rseto_ipa_m128,325.15704345703125,171.64183044433594,16.0,128.0,137.0,0.5,0.05,50,50,64,9050,projected_sgd,2c92acfd77cf80bff02e46f06aa0e2ca1ff366c0ffab8f9b69d5edf783a95097,0.0350101068615913,9.929128736985149e-07,0.1871098726987838,3.51009202003479,0.0028415576089173,3.734722137451172,6.515480973640868e-05,8.0,16.0,16.0,137.0,30014.0,35260.0,0.0087525267153978,0.5
van_havre,24,14,512,rseto_ipa_m512,325.5093994140625,170.47657775878906,16.0,512.0,521.0,0.5,0.05,50,50,64,9050,projected_sgd,2c92acfd77cf80bff02e46f06aa0e2ca1ff366c0ffab8f9b69d5edf783a95097,0.13727867603302,3.893325811077375e-06,0.370511382818222,3.0233511924743652,0.0150184761732816,3.730242818593979,1.167247556261535e-05,8.0,16.0,16.0,521.0,30014.0,35260.0,0.034319669008255,0.5
van_havre,24,14,2048,rseto_ipa_m2048,325.7400207519531,169.88233947753906,16.0,2048.0,2057.0,0.5,0.05,50,50,64,9050,projected_sgd,2c92acfd77cf80bff02e46f06aa0e2ca1ff366c0ffab8f9b69d5edf783a95097,0.0023874153848737,6.770888916207697e-08,0.0488611832261085,2.8121891021728516,0.0003018832067027,3.731896251440048,4.5118731861748536e-08,8.0,16.0,16.0,2057.0,30014.0,35260.0,0.0005968538462184,0.5
van_havre,24,87,8,rseto_ipa_m8,306.818603515625,232.9678955078125,16.0,8.0,17.0,0.5,0.05,50,50,64,9050,projected_sgd,e4453e527e95ae1c147f9b7a80fde3dc501e467112c48e3eac40895c6108e4ee,9.296422958374023,0.0002636535209603,3.0490036010742188,4.226217746734619,0.5204896926879883,3.255587875843048,0.0006516298822256,8.0,16.0,16.0,17.0,30087.0,35260.0,2.324105739593506,0.5
van_havre,24,87,32,rseto_ipa_m32,304.446044921875,186.47802734375,16.0,32.0,41.0,0.5,0.05,50,50,64,9050,projected_sgd,e4453e527e95ae1c147f9b7a80fde3dc501e467112c48e3eac40895c6108e4ee,22.71943473815918,0.0006443401798605,4.766490936279297,3.814103126525879,1.5617539882659912,3.3899785578250885,0.0017227773341791,8.0,16.0,16.0,41.0,30087.0,35260.0,5.679858684539795,0.5
van_havre,24,87,128,rseto_ipa_m128,304.3518371582031,176.25794982910156,16.0,128.0,137.0,0.5,0.05,50,50,64,9050,projected_sgd,e4453e527e95ae1c147f9b7a80fde3dc501e467112c48e3eac40895c6108e4ee,0.358508437871933,1.01675677797175e-05,0.5987557172775269,3.576092481613159,0.0280337948352098,3.4235052168369293,8.080123110789015e-05,8.0,16.0,16.0,137.0,30087.0,35260.0,0.0896271094679832,0.5
van_havre,24,87,512,rseto_ipa_m512,304.2395935058594,175.6274871826172,16.0,512.0,521.0,0.5,0.05,50,50,64,9050,projected_sgd,e4453e527e95ae1c147f9b7a80fde3dc501e467112c48e3eac40895c6108e4ee,0.0032322229817509,9.16682623142151e-08,0.0568526424467563,3.4181196689605713,0.0002766475372482,3.425014078617096,4.449017292732346e-06,8.0,16.0,16.0,521.0,30087.0,35260.0,0.0008080557454377,0.5
van_havre,24,87,2048,rseto_ipa_m2048,304.19171142578125,176.7873077392578,16.0,2048.0,2057.0,0.5,0.05,50,50,64,9050,projected_sgd,e4453e527e95ae1c147f9b7a80fde3dc501e467112c48e3eac40895c6108e4ee,0.0014870114391669,4.2172757730440935e-08,0.038561787456274,3.437419176101685,0.0001258488628081,3.4302709698677063,4.70061110036113e-07,8.0,16.0,16.0,2057.0,30087.0,35260.0,0.0003717528597917,0.5
