dataset,dim,random_state,lambda,method,metric1,metric2,replications,samples_per_replication,final_samples_per_replication,fidelity_weight,smoothing_mu,configured_epochs,epochs_ran,batch_size,steps_ran,optimizer,initial_checkpoint_sha256,ipa_gradient_variance_trace,ipa_gradient_variance_mean_per_parameter,ipa_gradient_std_norm,ipa_gradient_mean_norm,ipa_gradient_relative_variance,ipa_gradient_loss_mean,ipa_gradient_loss_variance,gradient_variance_repeats,gradient_variance_batch_size,gradient_variance_replications,gradient_variance_samples_per_replication,gradient_variance_seed,gradient_parameter_count,weighted_ipa_gradient_variance_trace,ipa_gradient_weight
van_havre,4,82,0.1,rseto_ipa_lambda0.1,256.4398498535156,242.2341156005859,16.0,128.0,137.0,0.1,0.05,50,50,64,9050,projected_sgd,9eb1cafe779333f55638d519c721a0fe9fb4960a6a326bbfe427447f6ea2be39,,,,,,,,,,,,,,,
van_havre,4,82,0.3,rseto_ipa_lambda0.3,256.5242919921875,196.19406127929688,16.0,128.0,137.0,0.3,0.05,50,50,64,9050,projected_sgd,9eb1cafe779333f55638d519c721a0fe9fb4960a6a326bbfe427447f6ea2be39,,,,,,,,,,,,,,,
van_havre,4,82,0.5,rseto_ipa_lambda0.5,256.6460876464844,188.3716735839844,16.0,128.0,137.0,0.5,0.05,50,50,64,9050,projected_sgd,9eb1cafe779333f55638d519c721a0fe9fb4960a6a326bbfe427447f6ea2be39,,,,,,,,,,,,,,,
van_havre,4,82,0.7,rseto_ipa_lambda0.7,256.95220947265625,184.38232421875,16.0,128.0,137.0,0.7,0.05,50,50,64,9050,projected_sgd,9eb1cafe779333f55638d519c721a0fe9fb4960a6a326bbfe427447f6ea2be39,,,,,,,,,,,,,,,
van_havre,4,82,0.9,rseto_ipa_lambda0.9,258.4111633300781,182.67459106445312,16.0,128.0,137.0,0.9,0.05,50,50,64,9050,projected_sgd,9eb1cafe779333f55638d519c721a0fe9fb4960a6a326bbfe427447f6ea2be39,,,,,,,,,,,,,,,
van_havre,4,15,0.1,rseto_ipa_lambda0.1,297.5802917480469,314.442626953125,16.0,128.0,137.0,0.1,0.05,50,50,64,9050,projected_sgd,9aad1c62a5ad56d1fc62858bdd0480fc0cf1d9b3a7c5bd53759903a2c5d0d835,,,,,,,,,,,,,,,
van_havre,4,15,0.3,rseto_ipa_lambda0.3,301.7735595703125,191.791015625,16.0,128.0,137.0,0.3,0.05,50,50,64,9050,projected_sgd,9aad1c62a5ad56d1fc62858bdd0480fc0cf1d9b3a7c5bd53759903a2c5d0d835,,,,,,,,,,,,,,,
van_havre,4,15,0.5,rseto_ipa_lambda0.5,306.39996337890625,168.57797241210938,16.0,128.0,137.0,0.5,0.05,50,50,64,9050,projected_sgd,9aad1c62a5ad56d1fc62858bdd0480fc0cf1d9b3a7c5bd53759903a2c5d0d835,,,,,,,,,,,,,,,
van_havre,4,15,0.7,rseto_ipa_lambda0.7,309.84442138671875,163.64720153808594,16.0,128.0,137.0,0.7,0.05,50,50,64,9050,projected_sgd,9aad1c62a5ad56d1fc62858bdd0480fc0cf1d9b3a7c5bd53759903a2c5d0d835,,,,,,,,,,,,,,,
van_havre,4,15,0.9,rseto_ipa_lambda0.9,369.5702819824219,161.28167724609375,16.0,128.0,137.0,0.9,0.05,50,50,64,9050,projected_sgd,9aad1c62a5ad56d1fc62858bdd0480fc0cf1d9b3a7c5bd53759903a2c5d0d835,,,,,,,,,,,,,,,
van_havre,4,4,0.1,rseto_ipa_lambda0.1,308.8076171875,225.0799560546875,16.0,128.0,137.0,0.1,0.05,50,50,64,9050,projected_sgd,7b7e2caf73a71b7a385c83240c2e3d033132807aea291515c4fa2f2eacef18df,,,,,,,,,,,,,,,
van_havre,4,4,0.3,rseto_ipa_lambda0.3,313.54296875,159.31503295898438,16.0,128.0,137.0,0.3,0.05,50,50,64,9050,projected_sgd,7b7e2caf73a71b7a385c83240c2e3d033132807aea291515c4fa2f2eacef18df,,,,,,,,,,,,,,,
van_havre,4,4,0.5,rseto_ipa_lambda0.5,319.6518249511719,154.04934692382812,16.0,128.0,137.0,0.5,0.05,50,50,64,9050,projected_sgd,7b7e2caf73a71b7a385c83240c2e3d033132807aea291515c4fa2f2eacef18df,,,,,,,,,,,,,,,
van_havre,4,4,0.7,rseto_ipa_lambda0.7,329.36932373046875,152.87301635742188,16.0,128.0,137.0,0.7,0.05,50,50,64,9050,projected_sgd,7b7e2caf73a71b7a385c83240c2e3d033132807aea291515c4fa2f2eacef18df,,,,,,,,,,,,,,,
van_havre,4,4,0.9,rseto_ipa_lambda0.9,351.7252197265625,151.45816040039062,16.0,128.0,137.0,0.9,0.05,50,50,64,9050,projected_sgd,7b7e2caf73a71b7a385c83240c2e3d033132807aea291515c4fa2f2eacef18df,,,,,,,,,,,,,,,
van_havre,4,95,0.1,rseto_ipa_lambda0.1,307.2810363769531,286.75872802734375,16.0,128.0,137.0,0.1,0.05,50,50,64,9050,projected_sgd,78f76e4659e1c3d2d2885f41d0eb97094976fe4750ea51fcd8d42dd97f6e5104,,,,,,,,,,,,,,,
van_havre,4,95,0.3,rseto_ipa_lambda0.3,309.44140625,194.1643524169922,16.0,128.0,137.0,0.3,0.05,50,50,64,9050,projected_sgd,78f76e4659e1c3d2d2885f41d0eb97094976fe4750ea51fcd8d42dd97f6e5104,,,,,,,,,,,,,,,
van_havre,4,95,0.5,rseto_ipa_lambda0.5,314.11248779296875,187.6838836669922,16.0,128.0,137.0,0.5,0.05,50,50,64,9050,projected_sgd,78f76e4659e1c3d2d2885f41d0eb97094976fe4750ea51fcd8d42dd97f6e5104,,,,,,,,,,,,,,,
van_havre,4,95,0.7,rseto_ipa_lambda0.7,339.03509521484375,188.33937072753903,16.0,128.0,137.0,0.7,0.05,50,50,64,9050,projected_sgd,78f76e4659e1c3d2d2885f41d0eb97094976fe4750ea51fcd8d42dd97f6e5104,,,,,,,,,,,,,,,
van_havre,4,95,0.9,rseto_ipa_lambda0.9,380.38629150390625,189.0979461669922,16.0,128.0,137.0,0.9,0.05,50,50,64,9050,projected_sgd,78f76e4659e1c3d2d2885f41d0eb97094976fe4750ea51fcd8d42dd97f6e5104,,,,,,,,,,,,,,,
van_havre,4,36,0.1,rseto_ipa_lambda0.1,282.30474853515625,328.8788146972656,16.0,128.0,137.0,0.1,0.05,50,50,64,9050,projected_sgd,c15030643543841d4a8db666e6c0621334405f908e70f2724ae9e5a9765cc01d,,,,,,,,,,,,,,,
van_havre,4,36,0.3,rseto_ipa_lambda0.3,283.4288024902344,178.7045135498047,16.0,128.0,137.0,0.3,0.05,50,50,64,9050,projected_sgd,c15030643543841d4a8db666e6c0621334405f908e70f2724ae9e5a9765cc01d,,,,,,,,,,,,,,,
van_havre,4,36,0.5,rseto_ipa_lambda0.5,284.4351501464844,156.03811645507812,16.0,128.0,137.0,0.5,0.05,50,50,64,9050,projected_sgd,c15030643543841d4a8db666e6c0621334405f908e70f2724ae9e5a9765cc01d,,,,,,,,,,,,,,,
van_havre,4,36,0.7,rseto_ipa_lambda0.7,286.3324890136719,151.46275329589844,16.0,128.0,137.0,0.7,0.05,50,50,64,9050,projected_sgd,c15030643543841d4a8db666e6c0621334405f908e70f2724ae9e5a9765cc01d,,,,,,,,,,,,,,,
van_havre,4,36,0.9,rseto_ipa_lambda0.9,296.66436767578125,148.30062866210938,16.0,128.0,137.0,0.9,0.05,50,50,64,9050,projected_sgd,c15030643543841d4a8db666e6c0621334405f908e70f2724ae9e5a9765cc01d,,,,,,,,,,,,,,,
van_havre,4,32,0.1,rseto_ipa_lambda0.1,275.30206298828125,222.7888336181641,16.0,128.0,137.0,0.1,0.05,50,50,64,9050,projected_sgd,d5901b2c3c3d992b5c347bd1114d8242fffb989fc7e0d1798453a3132763db63,,,,,,,,,,,,,,,
van_havre,4,32,0.3,rseto_ipa_lambda0.3,276.8108215332031,180.7785491943359,16.0,128.0,137.0,0.3,0.05,50,50,64,9050,projected_sgd,d5901b2c3c3d992b5c347bd1114d8242fffb989fc7e0d1798453a3132763db63,,,,,,,,,,,,,,,
van_havre,4,32,0.5,rseto_ipa_lambda0.5,278.1894836425781,166.82810974121094,16.0,128.0,137.0,0.5,0.05,50,50,64,9050,projected_sgd,d5901b2c3c3d992b5c347bd1114d8242fffb989fc7e0d1798453a3132763db63,,,,,,,,,,,,,,,
van_havre,4,32,0.7,rseto_ipa_lambda0.7,281.3559265136719,162.9836883544922,16.0,128.0,137.0,0.7,0.05,50,50,64,9050,projected_sgd,d5901b2c3c3d992b5c347bd1114d8242fffb989fc7e0d1798453a3132763db63,,,,,,,,,,,,,,,
van_havre,4,32,0.9,rseto_ipa_lambda0.9,303.2218322753906,160.2794189453125,16.0,128.0,137.0,0.9,0.05,50,50,64,9050,projected_sgd,d5901b2c3c3d992b5c347bd1114d8242fffb989fc7e0d1798453a3132763db63,,,,,,,,,,,,,,,
van_havre,4,29,0.1,rseto_ipa_lambda0.1,297.34649658203125,247.12628173828125,16.0,128.0,137.0,0.1,0.05,50,50,64,9050,projected_sgd,3e39b6de17e4e080040a7b701168cc86fe66b51f5ba928609afedac82929b310,,,,,,,,,,,,,,,
van_havre,4,29,0.3,rseto_ipa_lambda0.3,300.4221496582031,168.35580444335938,16.0,128.0,137.0,0.3,0.05,50,50,64,9050,projected_sgd,3e39b6de17e4e080040a7b701168cc86fe66b51f5ba928609afedac82929b310,,,,,,,,,,,,,,,
van_havre,4,29,0.5,rseto_ipa_lambda0.5,313.12945556640625,159.0460662841797,16.0,128.0,137.0,0.5,0.05,50,50,64,9050,projected_sgd,3e39b6de17e4e080040a7b701168cc86fe66b51f5ba928609afedac82929b310,,,,,,,,,,,,,,,
van_havre,4,29,0.7,rseto_ipa_lambda0.7,336.5215759277344,156.57203674316406,16.0,128.0,137.0,0.7,0.05,50,50,64,9050,projected_sgd,3e39b6de17e4e080040a7b701168cc86fe66b51f5ba928609afedac82929b310,,,,,,,,,,,,,,,
van_havre,4,29,0.9,rseto_ipa_lambda0.9,360.80615234375,155.49095153808594,16.0,128.0,137.0,0.9,0.05,50,50,64,9050,projected_sgd,3e39b6de17e4e080040a7b701168cc86fe66b51f5ba928609afedac82929b310,,,,,,,,,,,,,,,
van_havre,4,18,0.1,rseto_ipa_lambda0.1,288.0437316894531,190.05628967285156,16.0,128.0,137.0,0.1,0.05,50,50,64,9050,projected_sgd,b30e1babd83d63a26b77f1622fe0c348dc64dcd77977229559a4562297ae76f9,,,,,,,,,,,,,,,
van_havre,4,18,0.3,rseto_ipa_lambda0.3,295.62017822265625,159.74037170410156,16.0,128.0,137.0,0.3,0.05,50,50,64,9050,projected_sgd,b30e1babd83d63a26b77f1622fe0c348dc64dcd77977229559a4562297ae76f9,,,,,,,,,,,,,,,
van_havre,4,18,0.5,rseto_ipa_lambda0.5,303.5602722167969,154.38009643554688,16.0,128.0,137.0,0.5,0.05,50,50,64,9050,projected_sgd,b30e1babd83d63a26b77f1622fe0c348dc64dcd77977229559a4562297ae76f9,,,,,,,,,,,,,,,
van_havre,4,18,0.7,rseto_ipa_lambda0.7,317.8514099121094,151.1494903564453,16.0,128.0,137.0,0.7,0.05,50,50,64,9050,projected_sgd,b30e1babd83d63a26b77f1622fe0c348dc64dcd77977229559a4562297ae76f9,,,,,,,,,,,,,,,
van_havre,4,18,0.9,rseto_ipa_lambda0.9,332.9515380859375,150.00355529785156,16.0,128.0,137.0,0.9,0.05,50,50,64,9050,projected_sgd,b30e1babd83d63a26b77f1622fe0c348dc64dcd77977229559a4562297ae76f9,,,,,,,,,,,,,,,
van_havre,4,14,0.1,rseto_ipa_lambda0.1,285.0411071777344,241.44142150878903,16.0,128.0,137.0,0.1,0.05,50,50,64,9050,projected_sgd,30c1607e9c61ee54818777568e3949928a94d9503ceec9ad92606329be6d6f55,,,,,,,,,,,,,,,
van_havre,4,14,0.3,rseto_ipa_lambda0.3,286.1623229980469,182.7509002685547,16.0,128.0,137.0,0.3,0.05,50,50,64,9050,projected_sgd,30c1607e9c61ee54818777568e3949928a94d9503ceec9ad92606329be6d6f55,,,,,,,,,,,,,,,
van_havre,4,14,0.5,rseto_ipa_lambda0.5,288.0516357421875,171.74826049804688,16.0,128.0,137.0,0.5,0.05,50,50,64,9050,projected_sgd,30c1607e9c61ee54818777568e3949928a94d9503ceec9ad92606329be6d6f55,,,,,,,,,,,,,,,
van_havre,4,14,0.7,rseto_ipa_lambda0.7,291.61370849609375,168.1860809326172,16.0,128.0,137.0,0.7,0.05,50,50,64,9050,projected_sgd,30c1607e9c61ee54818777568e3949928a94d9503ceec9ad92606329be6d6f55,,,,,,,,,,,,,,,
van_havre,4,14,0.9,rseto_ipa_lambda0.9,302.2884521484375,165.38006591796875,16.0,128.0,137.0,0.9,0.05,50,50,64,9050,projected_sgd,30c1607e9c61ee54818777568e3949928a94d9503ceec9ad92606329be6d6f55,,,,,,,,,,,,,,,
van_havre,4,87,0.1,rseto_ipa_lambda0.1,270.62847900390625,221.5455017089844,16.0,128.0,137.0,0.1,0.05,50,50,64,9050,projected_sgd,df256ef83b1b901a2ea72a4cbd34b84ce1ac5d13cad65ddc7ad59bbb13fb932b,,,,,,,,,,,,,,,
van_havre,4,87,0.3,rseto_ipa_lambda0.3,271.2673645019531,177.4963836669922,16.0,128.0,137.0,0.3,0.05,50,50,64,9050,projected_sgd,df256ef83b1b901a2ea72a4cbd34b84ce1ac5d13cad65ddc7ad59bbb13fb932b,,,,,,,,,,,,,,,
van_havre,4,87,0.5,rseto_ipa_lambda0.5,272.09393310546875,167.53176879882812,16.0,128.0,137.0,0.5,0.05,50,50,64,9050,projected_sgd,df256ef83b1b901a2ea72a4cbd34b84ce1ac5d13cad65ddc7ad59bbb13fb932b,,,,,,,,,,,,,,,
van_havre,4,87,0.7,rseto_ipa_lambda0.7,274.6401062011719,164.61737060546875,16.0,128.0,137.0,0.7,0.05,50,50,64,9050,projected_sgd,df256ef83b1b901a2ea72a4cbd34b84ce1ac5d13cad65ddc7ad59bbb13fb932b,,,,,,,,,,,,,,,
van_havre,4,87,0.9,rseto_ipa_lambda0.9,288.7565002441406,163.7169647216797,16.0,128.0,137.0,0.9,0.05,50,50,64,9050,projected_sgd,df256ef83b1b901a2ea72a4cbd34b84ce1ac5d13cad65ddc7ad59bbb13fb932b,,,,,,,,,,,,,,,
van_havre,9,82,0.1,rseto_ipa_lambda0.1,279.7327880859375,973.75537109375,16.0,128.0,137.0,0.1,0.05,50,50,64,9050,projected_sgd,b02cbb333fcb357b46bb08288a7f4a450b5883f5c8c928e26c08b6bba9238aa6,,,,,,,,,,,,,,,
van_havre,9,82,0.3,rseto_ipa_lambda0.3,280.8935546875,259.9065856933594,16.0,128.0,137.0,0.3,0.05,50,50,64,9050,projected_sgd,b02cbb333fcb357b46bb08288a7f4a450b5883f5c8c928e26c08b6bba9238aa6,,,,,,,,,,,,,,,
van_havre,9,82,0.5,rseto_ipa_lambda0.5,281.8492431640625,189.07171630859375,16.0,128.0,137.0,0.5,0.05,50,50,64,9050,projected_sgd,b02cbb333fcb357b46bb08288a7f4a450b5883f5c8c928e26c08b6bba9238aa6,,,,,,,,,,,,,,,
van_havre,9,82,0.7,rseto_ipa_lambda0.7,282.9178771972656,186.2579803466797,16.0,128.0,137.0,0.7,0.05,50,50,64,9050,projected_sgd,b02cbb333fcb357b46bb08288a7f4a450b5883f5c8c928e26c08b6bba9238aa6,,,,,,,,,,,,,,,
van_havre,9,82,0.9,rseto_ipa_lambda0.9,288.64862060546875,184.40443420410156,16.0,128.0,137.0,0.9,0.05,50,50,64,9050,projected_sgd,b02cbb333fcb357b46bb08288a7f4a450b5883f5c8c928e26c08b6bba9238aa6,,,,,,,,,,,,,,,
van_havre,9,15,0.1,rseto_ipa_lambda0.1,258.7857666015625,205.10989379882812,16.0,128.0,137.0,0.1,0.05,50,50,64,9050,projected_sgd,6fcd0e875758a965a12358f11770b2d0fa16670cbcccfcd527b153b7901a5c38,,,,,,,,,,,,,,,
van_havre,9,15,0.3,rseto_ipa_lambda0.3,259.01708984375,169.88180541992188,16.0,128.0,137.0,0.3,0.05,50,50,64,9050,projected_sgd,6fcd0e875758a965a12358f11770b2d0fa16670cbcccfcd527b153b7901a5c38,,,,,,,,,,,,,,,
van_havre,9,15,0.5,rseto_ipa_lambda0.5,259.2777404785156,163.1215362548828,16.0,128.0,137.0,0.5,0.05,50,50,64,9050,projected_sgd,6fcd0e875758a965a12358f11770b2d0fa16670cbcccfcd527b153b7901a5c38,,,,,,,,,,,,,,,
van_havre,9,15,0.7,rseto_ipa_lambda0.7,259.83721923828125,160.2064208984375,16.0,128.0,137.0,0.7,0.05,50,50,64,9050,projected_sgd,6fcd0e875758a965a12358f11770b2d0fa16670cbcccfcd527b153b7901a5c38,,,,,,,,,,,,,,,
van_havre,9,15,0.9,rseto_ipa_lambda0.9,265.8888854980469,157.42205810546875,16.0,128.0,137.0,0.9,0.05,50,50,64,9050,projected_sgd,6fcd0e875758a965a12358f11770b2d0fa16670cbcccfcd527b153b7901a5c38,,,,,,,,,,,,,,,
van_havre,9,4,0.1,rseto_ipa_lambda0.1,296.5687561035156,211.20944213867188,16.0,128.0,137.0,0.1,0.05,50,50,64,9050,projected_sgd,8052f193c71acdd22cb40dc893d59c6f6ffe317c363dc8b5605ba5029e6b7ac2,,,,,,,,,,,,,,,
van_havre,9,4,0.3,rseto_ipa_lambda0.3,297.33642578125,162.27455139160156,16.0,128.0,137.0,0.3,0.05,50,50,64,9050,projected_sgd,8052f193c71acdd22cb40dc893d59c6f6ffe317c363dc8b5605ba5029e6b7ac2,,,,,,,,,,,,,,,
van_havre,9,4,0.5,rseto_ipa_lambda0.5,300.30303955078125,157.7053985595703,16.0,128.0,137.0,0.5,0.05,50,50,64,9050,projected_sgd,8052f193c71acdd22cb40dc893d59c6f6ffe317c363dc8b5605ba5029e6b7ac2,,,,,,,,,,,,,,,
van_havre,9,4,0.7,rseto_ipa_lambda0.7,312.87188720703125,155.09066772460938,16.0,128.0,137.0,0.7,0.05,50,50,64,9050,projected_sgd,8052f193c71acdd22cb40dc893d59c6f6ffe317c363dc8b5605ba5029e6b7ac2,,,,,,,,,,,,,,,
van_havre,9,4,0.9,rseto_ipa_lambda0.9,354.8492126464844,153.85093688964844,16.0,128.0,137.0,0.9,0.05,50,50,64,9050,projected_sgd,8052f193c71acdd22cb40dc893d59c6f6ffe317c363dc8b5605ba5029e6b7ac2,,,,,,,,,,,,,,,
van_havre,9,95,0.1,rseto_ipa_lambda0.1,276.197998046875,253.5645294189453,16.0,128.0,137.0,0.1,0.05,50,50,64,9050,projected_sgd,5db6a433f7917441ae753a1ad868fac638efd482fa35f62f34479fcc00c27058,,,,,,,,,,,,,,,
van_havre,9,95,0.3,rseto_ipa_lambda0.3,276.71295166015625,203.768310546875,16.0,128.0,137.0,0.3,0.05,50,50,64,9050,projected_sgd,5db6a433f7917441ae753a1ad868fac638efd482fa35f62f34479fcc00c27058,,,,,,,,,,,,,,,
van_havre,9,95,0.5,rseto_ipa_lambda0.5,277.2599182128906,192.02574157714844,16.0,128.0,137.0,0.5,0.05,50,50,64,9050,projected_sgd,5db6a433f7917441ae753a1ad868fac638efd482fa35f62f34479fcc00c27058,,,,,,,,,,,,,,,
van_havre,9,95,0.7,rseto_ipa_lambda0.7,278.6730651855469,190.764892578125,16.0,128.0,137.0,0.7,0.05,50,50,64,9050,projected_sgd,5db6a433f7917441ae753a1ad868fac638efd482fa35f62f34479fcc00c27058,,,,,,,,,,,,,,,
van_havre,9,95,0.9,rseto_ipa_lambda0.9,309.4373474121094,189.38961791992188,16.0,128.0,137.0,0.9,0.05,50,50,64,9050,projected_sgd,5db6a433f7917441ae753a1ad868fac638efd482fa35f62f34479fcc00c27058,,,,,,,,,,,,,,,
van_havre,9,36,0.1,rseto_ipa_lambda0.1,286.0197448730469,976.2633666992188,16.0,128.0,137.0,0.1,0.05,50,50,64,9050,projected_sgd,44079dae9badcc73a14bd11861819da0538d78987c2acb8396650f0aab0974e6,,,,,,,,,,,,,,,
van_havre,9,36,0.3,rseto_ipa_lambda0.3,286.95263671875,322.7469177246094,16.0,128.0,137.0,0.3,0.05,50,50,64,9050,projected_sgd,44079dae9badcc73a14bd11861819da0538d78987c2acb8396650f0aab0974e6,,,,,,,,,,,,,,,
van_havre,9,36,0.5,rseto_ipa_lambda0.5,287.8806457519531,188.59608459472656,16.0,128.0,137.0,0.5,0.05,50,50,64,9050,projected_sgd,44079dae9badcc73a14bd11861819da0538d78987c2acb8396650f0aab0974e6,,,,,,,,,,,,,,,
van_havre,9,36,0.7,rseto_ipa_lambda0.7,298.4513854980469,153.0709228515625,16.0,128.0,137.0,0.7,0.05,50,50,64,9050,projected_sgd,44079dae9badcc73a14bd11861819da0538d78987c2acb8396650f0aab0974e6,,,,,,,,,,,,,,,
van_havre,9,36,0.9,rseto_ipa_lambda0.9,307.278564453125,151.216796875,16.0,128.0,137.0,0.9,0.05,50,50,64,9050,projected_sgd,44079dae9badcc73a14bd11861819da0538d78987c2acb8396650f0aab0974e6,,,,,,,,,,,,,,,
van_havre,9,32,0.1,rseto_ipa_lambda0.1,265.637451171875,247.5342254638672,16.0,128.0,137.0,0.1,0.05,50,50,64,9050,projected_sgd,d88b4d6334092e8fc30d3c9de9582bad3207f7bce2b7b70b6a01207e55bf4d87,,,,,,,,,,,,,,,
van_havre,9,32,0.3,rseto_ipa_lambda0.3,271.1746826171875,179.76300048828125,16.0,128.0,137.0,0.3,0.05,50,50,64,9050,projected_sgd,d88b4d6334092e8fc30d3c9de9582bad3207f7bce2b7b70b6a01207e55bf4d87,,,,,,,,,,,,,,,
van_havre,9,32,0.5,rseto_ipa_lambda0.5,273.8505554199219,165.78102111816406,16.0,128.0,137.0,0.5,0.05,50,50,64,9050,projected_sgd,d88b4d6334092e8fc30d3c9de9582bad3207f7bce2b7b70b6a01207e55bf4d87,,,,,,,,,,,,,,,
van_havre,9,32,0.7,rseto_ipa_lambda0.7,278.1709899902344,164.36363220214844,16.0,128.0,137.0,0.7,0.05,50,50,64,9050,projected_sgd,d88b4d6334092e8fc30d3c9de9582bad3207f7bce2b7b70b6a01207e55bf4d87,,,,,,,,,,,,,,,
van_havre,9,32,0.9,rseto_ipa_lambda0.9,299.8357849121094,163.22633361816406,16.0,128.0,137.0,0.9,0.05,50,50,64,9050,projected_sgd,d88b4d6334092e8fc30d3c9de9582bad3207f7bce2b7b70b6a01207e55bf4d87,,,,,,,,,,,,,,,
van_havre,9,29,0.1,rseto_ipa_lambda0.1,299.1593322753906,218.0043487548828,16.0,128.0,137.0,0.1,0.05,50,50,64,9050,projected_sgd,9106c1dc9e1973bee95a2084754f1b44065d13a911eee7a64c4b08dde7eb5564,,,,,,,,,,,,,,,
van_havre,9,29,0.3,rseto_ipa_lambda0.3,301.0361633300781,171.568603515625,16.0,128.0,137.0,0.3,0.05,50,50,64,9050,projected_sgd,9106c1dc9e1973bee95a2084754f1b44065d13a911eee7a64c4b08dde7eb5564,,,,,,,,,,,,,,,
van_havre,9,29,0.5,rseto_ipa_lambda0.5,303.759765625,166.49562072753906,16.0,128.0,137.0,0.5,0.05,50,50,64,9050,projected_sgd,9106c1dc9e1973bee95a2084754f1b44065d13a911eee7a64c4b08dde7eb5564,,,,,,,,,,,,,,,
van_havre,9,29,0.7,rseto_ipa_lambda0.7,308.9552001953125,164.51565551757812,16.0,128.0,137.0,0.7,0.05,50,50,64,9050,projected_sgd,9106c1dc9e1973bee95a2084754f1b44065d13a911eee7a64c4b08dde7eb5564,,,,,,,,,,,,,,,
van_havre,9,29,0.9,rseto_ipa_lambda0.9,323.57080078125,162.3982696533203,16.0,128.0,137.0,0.9,0.05,50,50,64,9050,projected_sgd,9106c1dc9e1973bee95a2084754f1b44065d13a911eee7a64c4b08dde7eb5564,,,,,,,,,,,,,,,
van_havre,9,18,0.1,rseto_ipa_lambda0.1,287.8048400878906,239.3678741455078,16.0,128.0,137.0,0.1,0.05,50,50,64,9050,projected_sgd,47714be7278b215b0c07c1085b2d0a1908a2f15cd100810be2fea7475afc897b,,,,,,,,,,,,,,,
van_havre,9,18,0.3,rseto_ipa_lambda0.3,291.0248107910156,158.44313049316406,16.0,128.0,137.0,0.3,0.05,50,50,64,9050,projected_sgd,47714be7278b215b0c07c1085b2d0a1908a2f15cd100810be2fea7475afc897b,,,,,,,,,,,,,,,
van_havre,9,18,0.5,rseto_ipa_lambda0.5,297.9102783203125,153.93150329589844,16.0,128.0,137.0,0.5,0.05,50,50,64,9050,projected_sgd,47714be7278b215b0c07c1085b2d0a1908a2f15cd100810be2fea7475afc897b,,,,,,,,,,,,,,,
van_havre,9,18,0.7,rseto_ipa_lambda0.7,311.53375244140625,152.45584106445312,16.0,128.0,137.0,0.7,0.05,50,50,64,9050,projected_sgd,47714be7278b215b0c07c1085b2d0a1908a2f15cd100810be2fea7475afc897b,,,,,,,,,,,,,,,
van_havre,9,18,0.9,rseto_ipa_lambda0.9,330.2818908691406,151.37530517578125,16.0,128.0,137.0,0.9,0.05,50,50,64,9050,projected_sgd,47714be7278b215b0c07c1085b2d0a1908a2f15cd100810be2fea7475afc897b,,,,,,,,,,,,,,,
van_havre,9,14,0.1,rseto_ipa_lambda0.1,293.81610107421875,297.48699951171875,16.0,128.0,137.0,0.1,0.05,50,50,64,9050,projected_sgd,48c122be09bea5305d765014c2fab41ce4cb86376cec4fc21ef687482d363258,,,,,,,,,,,,,,,
van_havre,9,14,0.3,rseto_ipa_lambda0.3,294.7450256347656,206.9915008544922,16.0,128.0,137.0,0.3,0.05,50,50,64,9050,projected_sgd,48c122be09bea5305d765014c2fab41ce4cb86376cec4fc21ef687482d363258,,,,,,,,,,,,,,,
van_havre,9,14,0.5,rseto_ipa_lambda0.5,296.5436096191406,178.61985778808594,16.0,128.0,137.0,0.5,0.05,50,50,64,9050,projected_sgd,48c122be09bea5305d765014c2fab41ce4cb86376cec4fc21ef687482d363258,,,,,,,,,,,,,,,
van_havre,9,14,0.7,rseto_ipa_lambda0.7,298.3204650878906,172.7683868408203,16.0,128.0,137.0,0.7,0.05,50,50,64,9050,projected_sgd,48c122be09bea5305d765014c2fab41ce4cb86376cec4fc21ef687482d363258,,,,,,,,,,,,,,,
van_havre,9,14,0.9,rseto_ipa_lambda0.9,332.8027648925781,170.5261993408203,16.0,128.0,137.0,0.9,0.05,50,50,64,9050,projected_sgd,48c122be09bea5305d765014c2fab41ce4cb86376cec4fc21ef687482d363258,,,,,,,,,,,,,,,
van_havre,9,87,0.1,rseto_ipa_lambda0.1,285.3534240722656,282.0399169921875,16.0,128.0,137.0,0.1,0.05,50,50,64,9050,projected_sgd,6ff2e12346381771382b5dfa079d965a33206ab1b8205bd329b01902fb5410c5,,,,,,,,,,,,,,,
van_havre,9,87,0.3,rseto_ipa_lambda0.3,287.3007507324219,211.0293426513672,16.0,128.0,137.0,0.3,0.05,50,50,64,9050,projected_sgd,6ff2e12346381771382b5dfa079d965a33206ab1b8205bd329b01902fb5410c5,,,,,,,,,,,,,,,
van_havre,9,87,0.5,rseto_ipa_lambda0.5,305.4552307128906,172.16766357421875,16.0,128.0,137.0,0.5,0.05,50,50,64,9050,projected_sgd,6ff2e12346381771382b5dfa079d965a33206ab1b8205bd329b01902fb5410c5,,,,,,,,,,,,,,,
van_havre,9,87,0.7,rseto_ipa_lambda0.7,324.64471435546875,167.8072509765625,16.0,128.0,137.0,0.7,0.05,50,50,64,9050,projected_sgd,6ff2e12346381771382b5dfa079d965a33206ab1b8205bd329b01902fb5410c5,,,,,,,,,,,,,,,
van_havre,9,87,0.9,rseto_ipa_lambda0.9,354.5082092285156,165.04916381835938,16.0,128.0,137.0,0.9,0.05,50,50,64,9050,projected_sgd,6ff2e12346381771382b5dfa079d965a33206ab1b8205bd329b01902fb5410c5,,,,,,,,,,,,,,,
van_havre,14,82,0.1,rseto_ipa_lambda0.1,285.48272705078125,229.3722991943359,16.0,128.0,137.0,0.1,0.05,50,50,64,9050,projected_sgd,15055306c3028b4c9bc385e389036302d0e68e6e9afb26545dfacae83d442dca,0.0058045997284352,1.7751069947280484e-07,0.0761879235506057,0.6075952649116516,0.01572329364717,3.5858983397483826,1.447909438313997e-06,8.0,16.0,16.0,137.0,30082.0,32700.0,0.0047017257800325,0.9
van_havre,14,82,0.3,rseto_ipa_lambda0.3,285.82403564453125,197.47152709960935,16.0,128.0,137.0,0.3,0.05,50,50,64,9050,projected_sgd,15055306c3028b4c9bc385e389036302d0e68e6e9afb26545dfacae83d442dca,0.029482714831829,9.016120543492434e-07,0.1717053204774856,1.0223736763000488,0.0282064285129308,3.571532219648361,3.5583294259059324e-06,8.0,16.0,16.0,137.0,30082.0,32700.0,0.0144465302675962,0.7
van_havre,14,82,0.5,rseto_ipa_lambda0.5,286.4666442871094,189.38853454589844,16.0,128.0,137.0,0.5,0.05,50,50,64,9050,projected_sgd,15055306c3028b4c9bc385e389036302d0e68e6e9afb26545dfacae83d442dca,0.0582937747240066,1.7826841940404847e-06,0.2414410412311554,1.7183969020843506,0.0197412744164466,3.5438607931137085,1.5546896617836736e-05,8.0,16.0,16.0,137.0,30082.0,32700.0,0.0145734436810016,0.5
van_havre,14,82,0.7,rseto_ipa_lambda0.7,287.76544189453125,185.89474487304688,16.0,128.0,137.0,0.7,0.05,50,50,64,9050,projected_sgd,15055306c3028b4c9bc385e389036302d0e68e6e9afb26545dfacae83d442dca,0.1478087902069091,4.520146376307821e-06,0.3844590783119201,3.049164056777954,0.0158978607505559,3.482271194458008,4.871900239322713e-05,8.0,16.0,16.0,137.0,30082.0,32700.0,0.0133027911186218,0.3
van_havre,14,82,0.9,rseto_ipa_lambda0.9,308.9007873535156,184.23374938964844,16.0,128.0,137.0,0.9,0.05,50,50,64,9050,projected_sgd,15055306c3028b4c9bc385e389036302d0e68e6e9afb26545dfacae83d442dca,2.6696670055389404,8.164119208231568e-05,1.6339116096496582,9.779587745666504,0.0279136076569557,2.973882108926773,0.00028665163089,8.0,16.0,16.0,137.0,30082.0,32700.0,0.0266966700553893,0.0999999999999999
van_havre,14,15,0.1,rseto_ipa_lambda0.1,279.7248229980469,174.15341186523438,16.0,128.0,137.0,0.1,0.05,50,50,64,9050,projected_sgd,596ebda6400342b7af65a651b32edc15460c7556b57be16e0cb4648a117f31cf,0.0001652550708968,5.053671703336704e-09,0.0128551572561264,0.6838520765304565,0.0003533706185407,3.8021186888217926,1.1721842666036406e-06,8.0,16.0,16.0,137.0,30015.0,32700.0,0.0001338566074264,0.9
van_havre,14,15,0.3,rseto_ipa_lambda0.3,280.32708740234375,167.1614532470703,16.0,128.0,137.0,0.3,0.05,50,50,64,9050,projected_sgd,596ebda6400342b7af65a651b32edc15460c7556b57be16e0cb4648a117f31cf,0.0028632953763008,8.756254743502724e-08,0.0535097680985927,0.8881045579910278,0.0036302618682384,3.7881174087524414,1.857749387974244e-06,8.0,16.0,16.0,137.0,30015.0,32700.0,0.0014030147343873,0.7
van_havre,14,15,0.5,rseto_ipa_lambda0.5,281.3605041503906,165.72348022460938,16.0,128.0,137.0,0.5,0.05,50,50,64,9050,projected_sgd,596ebda6400342b7af65a651b32edc15460c7556b57be16e0cb4648a117f31cf,0.0087217763066291,2.667209741957777e-07,0.0933904498815536,1.2931793928146362,0.0052153975702822,3.763888359069824,4.901880970464845e-06,8.0,16.0,16.0,137.0,30015.0,32700.0,0.0021804440766572,0.5
van_havre,14,15,0.7,rseto_ipa_lambda0.7,283.85052490234375,164.93527221679688,16.0,128.0,137.0,0.7,0.05,50,50,64,9050,projected_sgd,596ebda6400342b7af65a651b32edc15460c7556b57be16e0cb4648a117f31cf,0.0610208474099636,1.8660809928405795e-06,0.2470239847898483,2.5892531871795654,0.009101839736104,3.7037423253059383,2.1746893590294087e-05,8.0,16.0,16.0,137.0,30015.0,32700.0,0.0054918762668967,0.3
van_havre,14,15,0.9,rseto_ipa_lambda0.9,313.5704040527344,165.35166931152344,16.0,128.0,137.0,0.9,0.05,50,50,64,9050,projected_sgd,596ebda6400342b7af65a651b32edc15460c7556b57be16e0cb4648a117f31cf,97.3077392578125,0.002975771902129,9.864468574523926,19.17501449584961,0.2646524906158447,3.28624764084816,0.0042406385666211,8.0,16.0,16.0,137.0,30015.0,32700.0,0.9730773925781244,0.0999999999999999
van_havre,14,4,0.1,rseto_ipa_lambda0.1,271.77642822265625,318.7117614746094,16.0,128.0,137.0,0.1,0.05,50,50,64,9050,projected_sgd,45d876908fe312f9e49a32763fc3747ce658b5471be0f0bdae0d5752a29413cc,0.0107424594461917,3.285155685261998e-07,0.1036458387970924,1.780714511871338,0.0033877796959131,3.831543534994126,1.078222753899841e-05,8.0,16.0,16.0,137.0,30004.0,32700.0,0.0087013921514153,0.9
van_havre,14,4,0.3,rseto_ipa_lambda0.3,275.3466491699219,165.20957946777344,16.0,128.0,137.0,0.3,0.05,50,50,64,9050,projected_sgd,45d876908fe312f9e49a32763fc3747ce658b5471be0f0bdae0d5752a29413cc,0.089643694460392,2.741397338468232e-06,0.299405574798584,2.8790321350097656,0.0108150048181414,3.739052265882492,4.194548355432711e-05,8.0,16.0,16.0,137.0,30004.0,32700.0,0.043925410285592,0.7
van_havre,14,4,0.5,rseto_ipa_lambda0.5,278.0367126464844,161.63192749023438,16.0,128.0,137.0,0.5,0.05,50,50,64,9050,projected_sgd,45d876908fe312f9e49a32763fc3747ce658b5471be0f0bdae0d5752a29413cc,0.0930285155773162,2.8449087494664127e-06,0.3050057590007782,3.2789194583892822,0.0086527587845921,3.678010076284409,5.331056508595111e-05,8.0,16.0,16.0,137.0,30004.0,32700.0,0.023257128894329,0.5
van_havre,14,4,0.7,rseto_ipa_lambda0.7,286.774169921875,158.19178771972656,16.0,128.0,137.0,0.7,0.05,50,50,64,9050,projected_sgd,45d876908fe312f9e49a32763fc3747ce658b5471be0f0bdae0d5752a29413cc,0.4414024353027344,1.349854574073106e-05,0.6643812656402588,5.5475006103515625,0.0143430000171065,3.5003333687782288,0.0001740098255587,8.0,16.0,16.0,137.0,30004.0,32700.0,0.0397262191772461,0.3
van_havre,14,4,0.9,rseto_ipa_lambda0.9,305.30712890625,157.29014587402344,16.0,128.0,137.0,0.9,0.05,50,50,64,9050,projected_sgd,45d876908fe312f9e49a32763fc3747ce658b5471be0f0bdae0d5752a29413cc,0.3704512417316437,1.1328784239594825e-05,0.6086470484733582,11.670473098754885,0.0027199075557291,3.0513736307621,0.0005891896161226,8.0,16.0,16.0,137.0,30004.0,32700.0,0.0037045124173164,0.0999999999999999
van_havre,14,95,0.1,rseto_ipa_lambda0.1,300.468994140625,252.02940368652344,16.0,128.0,137.0,0.1,0.05,50,50,64,9050,projected_sgd,ab884b6d2b7b76350e39bae6ef3ece53538685fece7434a30f8e874907af2b23,7.661810398101807,0.0002343061350984,2.7679975032806396,20.643962860107425,0.0179781597107648,19.138102054595947,0.0021443758562652,8.0,16.0,16.0,137.0,30095.0,32700.0,6.206066422462464,0.9
van_havre,14,95,0.3,rseto_ipa_lambda0.3,303.8700256347656,185.7810211181641,16.0,128.0,137.0,0.3,0.05,50,50,64,9050,projected_sgd,ab884b6d2b7b76350e39bae6ef3ece53538685fece7434a30f8e874907af2b23,13.376208305358888,0.0004090583533979,3.657349824905395,25.38523292541504,0.0207572933286428,19.96528172492981,0.0090524381874144,8.0,16.0,16.0,137.0,30095.0,32700.0,6.554342069625854,0.7
van_havre,14,95,0.5,rseto_ipa_lambda0.5,307.598388671875,184.5626983642578,16.0,128.0,137.0,0.5,0.05,50,50,64,9050,projected_sgd,ab884b6d2b7b76350e39bae6ef3ece53538685fece7434a30f8e874907af2b23,19.506027221679688,0.0005965146119706,4.416563034057617,40.41896057128906,0.0119398422539234,21.048008918762207,0.0083723438968133,8.0,16.0,16.0,137.0,30095.0,32700.0,4.876506805419922,0.5
van_havre,14,95,0.7,rseto_ipa_lambda0.7,323.16595458984375,183.875732421875,16.0,128.0,137.0,0.7,0.05,50,50,64,9050,projected_sgd,ab884b6d2b7b76350e39bae6ef3ece53538685fece7434a30f8e874907af2b23,890.8261108398438,0.0272423885762691,29.846710205078125,58.243873596191406,0.2625986337661743,24.050801038742065,0.021357538448748,8.0,16.0,16.0,137.0,30095.0,32700.0,80.17434997558595,0.3
van_havre,14,95,0.9,rseto_ipa_lambda0.9,340.9830627441406,183.43695068359375,16.0,128.0,137.0,0.9,0.05,50,50,64,9050,projected_sgd,ab884b6d2b7b76350e39bae6ef3ece53538685fece7434a30f8e874907af2b23,166.22293090820312,0.0050832699052989,12.892746925354004,94.78996276855467,0.0184997636824846,28.407185077667236,0.0669114033618305,8.0,16.0,16.0,137.0,30095.0,32700.0,1.6622293090820304,0.0999999999999999
van_havre,14,36,0.1,rseto_ipa_lambda0.1,287.1455383300781,247.0371856689453,16.0,128.0,137.0,0.1,0.05,50,50,64,9050,projected_sgd,4ff6379ed145cee72ce017c31d46bc60b928c235cc8061dadc2beb621fe74d60,0.0026238192804157,8.023911846066768e-08,0.0512232296168804,0.9824581742286682,0.0027183527126908,3.4352302253246307,2.327378905217107e-06,8.0,16.0,16.0,137.0,30036.0,32700.0,0.0021252936171367,0.9
van_havre,14,36,0.3,rseto_ipa_lambda0.3,287.7961730957031,178.2080841064453,16.0,128.0,137.0,0.3,0.05,50,50,64,9050,projected_sgd,4ff6379ed145cee72ce017c31d46bc60b928c235cc8061dadc2beb621fe74d60,0.0184471569955348,5.641332450068148e-07,0.1358203142881393,1.6764556169509888,0.0065636485815048,3.4069666862487793,1.0381319465782976e-05,8.0,16.0,16.0,137.0,30036.0,32700.0,0.009039106927812,0.7
van_havre,14,36,0.5,rseto_ipa_lambda0.5,288.6224365234375,162.36529541015625,16.0,128.0,137.0,0.5,0.05,50,50,64,9050,projected_sgd,4ff6379ed145cee72ce017c31d46bc60b928c235cc8061dadc2beb621fe74d60,0.0657935440540313,2.0120348835916957e-06,0.2565025091171264,2.683706760406494,0.0091350963339209,3.365137964487076,3.11496780785855e-05,8.0,16.0,16.0,137.0,30036.0,32700.0,0.0164483860135078,0.5
van_havre,14,36,0.7,rseto_ipa_lambda0.7,290.1796875,156.47314453125,16.0,128.0,137.0,0.7,0.05,50,50,64,9050,projected_sgd,4ff6379ed145cee72ce017c31d46bc60b928c235cc8061dadc2beb621fe74d60,0.0916063040494918,2.801416030706605e-06,0.3026653230190277,4.066385746002197,0.0055399807170033,3.2891611456871033,0.0001131014033027,8.0,16.0,16.0,137.0,30036.0,32700.0,0.0082445673644542,0.3
van_havre,14,36,0.9,rseto_ipa_lambda0.9,298.907470703125,154.23362731933594,16.0,128.0,137.0,0.9,0.05,50,50,64,9050,projected_sgd,4ff6379ed145cee72ce017c31d46bc60b928c235cc8061dadc2beb621fe74d60,0.923819065093994,2.8251348339836113e-05,0.9611550569534302,9.925509452819824,0.0093773752450943,3.0818077325820923,0.0005969481113977,8.0,16.0,16.0,137.0,30036.0,32700.0,0.0092381906509399,0.0999999999999999
van_havre,14,32,0.1,rseto_ipa_lambda0.1,282.0035095214844,352.41650390625,16.0,128.0,137.0,0.1,0.05,50,50,64,9050,projected_sgd,1654dc3aeb2b3357641308f384f98c6b3c26c7143115c98eaa081fe69760f0c0,0.0042779366485774,1.308237500552423e-07,0.065405935049057,0.7976674437522888,0.0067234253510832,3.980279922485352,1.2169913848733164e-06,8.0,16.0,16.0,137.0,30032.0,32700.0,0.0034651286853477,0.9
van_havre,14,32,0.3,rseto_ipa_lambda0.3,282.9788513183594,174.5254364013672,16.0,128.0,137.0,0.3,0.05,50,50,64,9050,projected_sgd,1654dc3aeb2b3357641308f384f98c6b3c26c7143115c98eaa081fe69760f0c0,0.0152058470994234,4.650106006920396e-07,0.1233119890093803,1.2775733470916748,0.0093162031844258,3.953193038702011,3.536188938621113e-06,8.0,16.0,16.0,137.0,30032.0,32700.0,0.0074508650787174,0.7
van_havre,14,32,0.5,rseto_ipa_lambda0.5,285.29266357421875,169.3229522705078,16.0,128.0,137.0,0.5,0.05,50,50,64,9050,projected_sgd,1654dc3aeb2b3357641308f384f98c6b3c26c7143115c98eaa081fe69760f0c0,0.0181353371590375,5.5459747727582e-07,0.1346675008535385,2.6013147830963135,0.0026800308842211,3.88611751794815,1.3485759572923988e-05,8.0,16.0,16.0,137.0,30032.0,32700.0,0.0045338342897593,0.5
van_havre,14,32,0.7,rseto_ipa_lambda0.7,306.4767761230469,164.97137451171875,16.0,128.0,137.0,0.7,0.05,50,50,64,9050,projected_sgd,1654dc3aeb2b3357641308f384f98c6b3c26c7143115c98eaa081fe69760f0c0,0.2331584244966507,7.130227004381595e-06,0.4828647971153259,5.024127006530762,0.0092369774356484,3.4722055792808533,5.149195339575792e-05,8.0,16.0,16.0,137.0,30032.0,32700.0,0.0209842582046985,0.3
van_havre,14,32,0.9,rseto_ipa_lambda0.9,331.3713073730469,163.62966918945312,16.0,128.0,137.0,0.9,0.05,50,50,64,9050,projected_sgd,1654dc3aeb2b3357641308f384f98c6b3c26c7143115c98eaa081fe69760f0c0,0.4982011616230011,1.523550963611342e-05,0.7058336734771729,7.862257480621338,0.0080595389008522,2.9116150438785553,8.301303664889506e-05,8.0,16.0,16.0,137.0,30032.0,32700.0,0.00498201161623,0.0999999999999999
van_havre,14,29,0.1,rseto_ipa_lambda0.1,308.1092224121094,263.3078918457031,16.0,128.0,137.0,0.1,0.05,50,50,64,9050,projected_sgd,9294d72fa5b61f8ee466b08f0362324b62bffcd55e6a5cc792223b36722d735a,4.683595657348633,0.0001432292192475,2.1641616821289062,10.167705535888672,0.045303676277399,13.647393822669985,0.0051608504919613,8.0,16.0,16.0,137.0,30029.0,32700.0,3.793712482452393,0.9
van_havre,14,29,0.3,rseto_ipa_lambda0.3,309.919189453125,174.88027954101562,16.0,128.0,137.0,0.3,0.05,50,50,64,9050,projected_sgd,9294d72fa5b61f8ee466b08f0362324b62bffcd55e6a5cc792223b36722d735a,33.07483673095703,0.0010114628821611,5.751072883605957,15.61836051940918,0.1355897337198257,13.919318914413452,0.0206387949242525,8.0,16.0,16.0,137.0,30029.0,32700.0,16.206669998168945,0.7
van_havre,14,29,0.5,rseto_ipa_lambda0.5,314.5768737792969,168.8663330078125,16.0,128.0,137.0,0.5,0.05,50,50,64,9050,projected_sgd,9294d72fa5b61f8ee466b08f0362324b62bffcd55e6a5cc792223b36722d735a,119.2423858642578,0.0036465560551732,10.91981601715088,30.440610885620117,0.1286838203668594,14.544827342033386,0.062972506454035,8.0,16.0,16.0,137.0,30029.0,32700.0,29.810596466064453,0.5
van_havre,14,29,0.7,rseto_ipa_lambda0.7,338.9872131347656,162.42405700683594,16.0,128.0,137.0,0.7,0.05,50,50,64,9050,projected_sgd,9294d72fa5b61f8ee466b08f0362324b62bffcd55e6a5cc792223b36722d735a,211.0718536376953,0.0064547965303063,14.528311729431152,79.26654052734375,0.0335931330919265,17.557283878326416,0.5751375950731017,8.0,16.0,16.0,137.0,30029.0,32700.0,18.996466827392585,0.3
van_havre,14,29,0.9,rseto_ipa_lambda0.9,398.5372009277344,159.7134246826172,16.0,128.0,137.0,0.9,0.05,50,50,64,9050,projected_sgd,9294d72fa5b61f8ee466b08f0362324b62bffcd55e6a5cc792223b36722d735a,670.1104736328125,0.0204926747828722,25.886491775512695,134.18399047851562,0.0372173115611076,24.91745352745056,1.5970261281830582,8.0,16.0,16.0,137.0,30029.0,32700.0,6.701104736328122,0.0999999999999999
van_havre,14,18,0.1,rseto_ipa_lambda0.1,300.2832336425781,295.04205322265625,16.0,128.0,137.0,0.1,0.05,50,50,64,9050,projected_sgd,dafef547df37897cfdd07e450a80973c66a35bf8aa07cb5b24dacfe6f27e43a1,0.0019036650191992,5.821605597589041e-08,0.0436310097575187,1.037954807281494,0.0017669881926849,3.91281333565712,2.1785497525326847e-06,8.0,16.0,16.0,137.0,30018.0,32700.0,0.0015419686655513,0.9
van_havre,14,18,0.3,rseto_ipa_lambda0.3,302.48956298828125,184.54588317871097,16.0,128.0,137.0,0.3,0.05,50,50,64,9050,projected_sgd,dafef547df37897cfdd07e450a80973c66a35bf8aa07cb5b24dacfe6f27e43a1,0.0515699535608291,1.577062789692718e-06,0.2270901948213577,1.833408236503601,0.0153418742120265,3.8699524104595184,1.2804062674628572e-05,8.0,16.0,16.0,137.0,30018.0,32700.0,0.0252692772448062,0.7
van_havre,14,18,0.5,rseto_ipa_lambda0.5,318.4162902832031,165.80438232421875,16.0,128.0,137.0,0.5,0.05,50,50,64,9050,projected_sgd,dafef547df37897cfdd07e450a80973c66a35bf8aa07cb5b24dacfe6f27e43a1,0.1250604689121246,3.824479335889919e-06,0.3536388874053955,4.507535457611084,0.0061551942490041,3.63692370057106,4.04415751995251e-05,8.0,16.0,16.0,137.0,30018.0,32700.0,0.0312651172280311,0.5
van_havre,14,18,0.7,rseto_ipa_lambda0.7,348.2991638183594,160.4899444580078,16.0,128.0,137.0,0.7,0.05,50,50,64,9050,projected_sgd,dafef547df37897cfdd07e450a80973c66a35bf8aa07cb5b24dacfe6f27e43a1,0.2129222005605697,6.511382252938347e-06,0.461434930562973,6.2594404220581055,0.0054343789815902,3.1938697695732117,8.067228354694375e-05,8.0,16.0,16.0,137.0,30018.0,32700.0,0.0191629980504512,0.3
van_havre,14,18,0.9,rseto_ipa_lambda0.9,392.9284362792969,157.88450622558594,16.0,128.0,137.0,0.9,0.05,50,50,64,9050,projected_sgd,dafef547df37897cfdd07e450a80973c66a35bf8aa07cb5b24dacfe6f27e43a1,0.1617140173912048,4.945382897858508e-06,0.4021368026733398,7.452949523925781,0.0029113290365785,2.5430169701576233,9.627648935861544e-05,8.0,16.0,16.0,137.0,30018.0,32700.0,0.001617140173912,0.0999999999999999
van_havre,14,14,0.1,rseto_ipa_lambda0.1,290.12872314453125,224.29148864746097,16.0,128.0,137.0,0.1,0.05,50,50,64,9050,projected_sgd,e63fd45cd7e50f8fb6b7e0790da39726b948e2cad12a19f16f1de3f1e2a9cb4b,8.194820111384615e-05,2.506061136386961e-09,0.0090525243431329,0.8303444981575012,0.0001188564638141,4.118303656578064,3.0042806916493902e-06,8.0,16.0,16.0,137.0,30014.0,32700.0,6.637804290221538e-05,0.9
van_havre,14,14,0.3,rseto_ipa_lambda0.3,291.0968322753906,172.19667053222656,16.0,128.0,137.0,0.3,0.05,50,50,64,9050,projected_sgd,e63fd45cd7e50f8fb6b7e0790da39726b948e2cad12a19f16f1de3f1e2a9cb4b,0.0006377068930305,1.9501740666783007e-08,0.0252528581768274,1.096312403678894,0.0005305819795466,4.100509822368622,3.5393637217241902e-06,8.0,16.0,16.0,137.0,30014.0,32700.0,0.0003124763775849,0.7
van_havre,14,14,0.5,rseto_ipa_lambda0.5,292.890380859375,169.22625732421875,16.0,128.0,137.0,0.5,0.05,50,50,64,9050,projected_sgd,e63fd45cd7e50f8fb6b7e0790da39726b948e2cad12a19f16f1de3f1e2a9cb4b,0.0017508519813418,5.3542873246215095e-08,0.0418431833386421,1.6654613018035889,0.0006312194163911,4.067359983921051,4.775537844027765e-06,8.0,16.0,16.0,137.0,30014.0,32700.0,0.0004377129953354,0.5
van_havre,14,14,0.7,rseto_ipa_lambda0.7,298.5132751464844,167.30038452148438,16.0,128.0,137.0,0.7,0.05,50,50,64,9050,projected_sgd,e63fd45cd7e50f8fb6b7e0790da39726b948e2cad12a19f16f1de3f1e2a9cb4b,0.2232319861650467,6.826666322012898e-06,0.4724743366241455,3.605125188827514,0.0171757489442825,3.9706574082374577,2.1964140269606753e-05,8.0,16.0,16.0,137.0,30014.0,32700.0,0.0200908787548542,0.3
van_havre,14,14,0.9,rseto_ipa_lambda0.9,317.8872375488281,167.18336486816406,16.0,128.0,137.0,0.9,0.05,50,50,64,9050,projected_sgd,e63fd45cd7e50f8fb6b7e0790da39726b948e2cad12a19f16f1de3f1e2a9cb4b,0.203914538025856,6.23591859039152e-06,0.4515689611434936,6.484046936035156,0.0048501584678888,3.6060709953308105,8.947050762994227e-05,8.0,16.0,16.0,137.0,30014.0,32700.0,0.0020391453802585,0.0999999999999999
van_havre,14,87,0.1,rseto_ipa_lambda0.1,284.4710998535156,1114.1724853515625,16.0,128.0,137.0,0.1,0.05,50,50,64,9050,projected_sgd,62ae7bd64d0144c8cd36d72a442dd28153562a097bbaf76225deb49b8a4a9dbd,2.3406926629832014e-05,7.158081349878387e-10,0.0048380703665316,0.2386722117662429,0.0004109042929485,4.267603635787964,6.268161931594867e-06,8.0,16.0,16.0,137.0,30087.0,32700.0,1.8959610570163933e-05,0.9
van_havre,14,87,0.3,rseto_ipa_lambda0.3,285.7137756347656,860.28173828125,16.0,128.0,137.0,0.3,0.05,50,50,64,9050,projected_sgd,62ae7bd64d0144c8cd36d72a442dd28153562a097bbaf76225deb49b8a4a9dbd,6.832378130638972e-05,2.089412198813534e-09,0.0082658203318715,0.4351016581058502,0.0003609029517974,4.245653331279755,7.61208106122727e-06,8.0,16.0,16.0,137.0,30087.0,32700.0,3.347865284013096e-05,0.7
van_havre,14,87,0.5,rseto_ipa_lambda0.5,287.86981201171875,207.5891571044922,16.0,128.0,137.0,0.5,0.05,50,50,64,9050,projected_sgd,62ae7bd64d0144c8cd36d72a442dd28153562a097bbaf76225deb49b8a4a9dbd,0.0675699934363365,2.066360593744321e-06,0.2599422931671142,1.0748553276062012,0.0584862604737281,4.199439823627472,2.940179540392559e-05,8.0,16.0,16.0,137.0,30087.0,32700.0,0.0168924983590841,0.5
van_havre,14,87,0.7,rseto_ipa_lambda0.7,290.02886962890625,169.67100524902344,16.0,128.0,137.0,0.7,0.05,50,50,64,9050,projected_sgd,62ae7bd64d0144c8cd36d72a442dd28153562a097bbaf76225deb49b8a4a9dbd,0.1964240968227386,6.006853254802991e-06,0.4431975781917572,1.9713064432144165,0.0505459606647491,4.142739295959473,0.0001340025238667,8.0,16.0,16.0,137.0,30087.0,32700.0,0.0176781687140464,0.3
van_havre,14,87,0.9,rseto_ipa_lambda0.9,303.1185607910156,167.29539489746094,16.0,128.0,137.0,0.9,0.05,50,50,64,9050,projected_sgd,62ae7bd64d0144c8cd36d72a442dd28153562a097bbaf76225deb49b8a4a9dbd,0.4348765611648559,1.329897713731043e-05,0.6594517230987549,8.478182792663574,0.0060500712133944,3.718548536300659,0.0014616651705604,8.0,16.0,16.0,137.0,30087.0,32700.0,0.0043487656116485,0.0999999999999999
van_havre,19,82,0.1,rseto_ipa_lambda0.1,281.3816833496094,534.8645629882812,16.0,128.0,137.0,0.1,0.05,50,50,64,9050,projected_sgd,e90c14de025c5c66c45a02b6be5e6e33f0a26e2a3ef3434173514d7a5d15ac0e,0.0003963970812037,1.1665600041510515e-08,0.0199097227305173,0.6763646006584167,0.0008665002533234,3.968078076839447,8.951416532454459e-07,8.0,16.0,16.0,137.0,30082.0,33980.0,0.000321081635775,0.9
van_havre,19,82,0.3,rseto_ipa_lambda0.3,282.3793029785156,214.6593780517578,16.0,128.0,137.0,0.3,0.05,50,50,64,9050,projected_sgd,e90c14de025c5c66c45a02b6be5e6e33f0a26e2a3ef3434173514d7a5d15ac0e,0.0613241419196128,1.8047128378384512e-06,0.2476371228694915,1.1184817552566528,0.0490200445055961,3.94492644071579,1.434284673759326e-05,8.0,16.0,16.0,137.0,30082.0,33980.0,0.0300488295406103,0.7
van_havre,19,82,0.5,rseto_ipa_lambda0.5,283.10400390625,191.50799560546875,16.0,128.0,137.0,0.5,0.05,50,50,64,9050,projected_sgd,e90c14de025c5c66c45a02b6be5e6e33f0a26e2a3ef3434173514d7a5d15ac0e,0.2601296305656433,7.655374247406144e-06,0.5100290775299072,1.7700400352478027,0.0830278173089027,3.9222671389579777,2.617599940078565e-05,8.0,16.0,16.0,137.0,30082.0,33980.0,0.0650324076414108,0.5
van_havre,19,82,0.7,rseto_ipa_lambda0.7,286.0431213378906,193.41111755371097,16.0,128.0,137.0,0.7,0.05,50,50,64,9050,projected_sgd,e90c14de025c5c66c45a02b6be5e6e33f0a26e2a3ef3434173514d7a5d15ac0e,0.1754163354635238,5.1623405852296855e-06,0.4188273251056671,3.4940719604492188,0.0143683329224586,3.840693414211273,9.985988742349556e-05,8.0,16.0,16.0,137.0,30082.0,33980.0,0.0157874701917171,0.3
van_havre,19,82,0.9,rseto_ipa_lambda0.9,310.7212219238281,187.4457550048828,16.0,128.0,137.0,0.9,0.05,50,50,64,9050,projected_sgd,e90c14de025c5c66c45a02b6be5e6e33f0a26e2a3ef3434173514d7a5d15ac0e,0.6183516979217529,1.819751923903823e-05,0.7863534092903137,9.40942668914795,0.0069840801879763,3.3608261942863464,0.0004530854727095,8.0,16.0,16.0,137.0,30082.0,33980.0,0.0061835169792175,0.0999999999999999
van_havre,19,15,0.1,rseto_ipa_lambda0.1,260.8419189453125,979.5791625976562,16.0,128.0,137.0,0.1,0.05,50,50,64,9050,projected_sgd,cb34c1839b2176d4bd532159eec9244289e92c58cbc2897c030cbb7489f2c296,7.759842264931649e-05,2.283649935819198e-09,0.008808996528387,0.6502024531364441,0.0001835505536291,3.737774133682251,9.037998519748466e-07,8.0,16.0,16.0,137.0,30015.0,33980.0,6.285472234594636e-05,0.9
van_havre,19,15,0.3,rseto_ipa_lambda0.3,263.94439697265625,219.29861450195312,16.0,128.0,137.0,0.3,0.05,50,50,64,9050,projected_sgd,cb34c1839b2176d4bd532159eec9244289e92c58cbc2897c030cbb7489f2c296,0.00171722646337,5.053638929553018e-08,0.0414394326508045,1.3407188653945925,0.0009553271229378,3.647533923387527,2.840954013752902e-06,8.0,16.0,16.0,137.0,30015.0,33980.0,0.0008414409670513,0.7
van_havre,19,15,0.5,rseto_ipa_lambda0.5,265.8544006347656,169.6731414794922,16.0,128.0,137.0,0.5,0.05,50,50,64,9050,projected_sgd,cb34c1839b2176d4bd532159eec9244289e92c58cbc2897c030cbb7489f2c296,0.0025816455017775,7.597544282589298e-08,0.0508098974823951,2.0982935428619385,0.0005863597616553,3.583498239517212,7.681831497003649e-06,8.0,16.0,16.0,137.0,30015.0,33980.0,0.0006454113754443,0.5
van_havre,19,15,0.7,rseto_ipa_lambda0.7,268.9002380371094,167.04771423339844,16.0,128.0,137.0,0.7,0.05,50,50,64,9050,projected_sgd,cb34c1839b2176d4bd532159eec9244289e92c58cbc2897c030cbb7489f2c296,0.0095456633716821,2.809200623232755e-07,0.0977019071578979,3.3934924602508545,0.0008289194665849,3.470065116882324,1.4554728571576042e-05,8.0,16.0,16.0,137.0,30015.0,33980.0,0.0008591097034513,0.3
van_havre,19,15,0.9,rseto_ipa_lambda0.9,283.3804016113281,165.6162872314453,16.0,128.0,137.0,0.9,0.05,50,50,64,9050,projected_sgd,cb34c1839b2176d4bd532159eec9244289e92c58cbc2897c030cbb7489f2c296,0.4122858941555023,1.2133193195040803e-05,0.6420949101448059,10.937767028808594,0.0034462050534784,2.92620649933815,0.000307110902147,8.0,16.0,16.0,137.0,30015.0,33980.0,0.004122858941555,0.0999999999999999
van_havre,19,4,0.1,rseto_ipa_lambda0.1,290.13714599609375,240.0440673828125,16.0,128.0,137.0,0.1,0.05,50,50,64,9050,projected_sgd,014743b694c72e3462cf0b24c3b60bf7f34ee273e487c71e494f3e7151444f4a,0.0024802214466035,7.299062332322137e-08,0.0498018227517604,1.12823748588562,0.001948450691998,3.687638849020004,5.402382221575408e-06,8.0,16.0,16.0,137.0,30004.0,33980.0,0.0020089793717488,0.9
van_havre,19,4,0.3,rseto_ipa_lambda0.3,291.1411437988281,174.22410583496094,16.0,128.0,137.0,0.3,0.05,50,50,64,9050,projected_sgd,014743b694c72e3462cf0b24c3b60bf7f34ee273e487c71e494f3e7151444f4a,0.1001260727643966,2.9466177693393547e-06,0.3164270520210266,1.7741076946258545,0.0318117253482341,3.663184106349945,1.5576110493092138e-05,8.0,16.0,16.0,137.0,30004.0,33980.0,0.0490617756545543,0.7
van_havre,19,4,0.5,rseto_ipa_lambda0.5,294.0142822265625,156.74969482421875,16.0,128.0,137.0,0.5,0.05,50,50,64,9050,projected_sgd,014743b694c72e3462cf0b24c3b60bf7f34ee273e487c71e494f3e7151444f4a,0.115416519343853,3.3966014143516077e-06,0.3397300541400909,3.3496580123901367,0.0102864867076277,3.599371016025543,6.504074545432559e-05,8.0,16.0,16.0,137.0,30004.0,33980.0,0.0288541298359632,0.5
van_havre,19,4,0.7,rseto_ipa_lambda0.7,301.6152038574219,152.98214721679688,16.0,128.0,137.0,0.7,0.05,50,50,64,9050,projected_sgd,014743b694c72e3462cf0b24c3b60bf7f34ee273e487c71e494f3e7151444f4a,0.2712996006011963,7.98409655544674e-06,0.5208643078804016,5.844658851623535,0.0079420171678066,3.4659089148044586,0.0001131489496099,8.0,16.0,16.0,137.0,30004.0,33980.0,0.0244169640541076,0.3
van_havre,19,4,0.9,rseto_ipa_lambda0.9,334.1439514160156,151.6446533203125,16.0,128.0,137.0,0.9,0.05,50,50,64,9050,projected_sgd,014743b694c72e3462cf0b24c3b60bf7f34ee273e487c71e494f3e7151444f4a,182.10842895507812,0.0053592827171087,13.494755744934082,12.423614501953123,1.1798698902130127,2.94135919213295,0.0085009090431954,8.0,16.0,16.0,137.0,30004.0,33980.0,1.8210842895507804,0.0999999999999999
van_havre,19,95,0.1,rseto_ipa_lambda0.1,300.63140869140625,240.33892822265625,16.0,128.0,137.0,0.1,0.05,50,50,64,9050,projected_sgd,9ad55b69db990f153e8df55d08d68feb60c4decf80bac9cb3feaa01a3daf01f0,0.002221503527835,6.537679553275666e-08,0.0471328273415565,0.7820708751678467,0.0036320746876299,4.137701094150543,2.395307380506243e-06,8.0,16.0,16.0,137.0,30095.0,33980.0,0.0017994178575463,0.9
van_havre,19,95,0.3,rseto_ipa_lambda0.3,300.9249572753906,194.9627990722656,16.0,128.0,137.0,0.3,0.05,50,50,64,9050,projected_sgd,9ad55b69db990f153e8df55d08d68feb60c4decf80bac9cb3feaa01a3daf01f0,0.0140283238142728,4.128406203562918e-07,0.1184412240982055,1.0571573972702026,0.0125523917376995,4.129083216190338,5.6896534285247725e-06,8.0,16.0,16.0,137.0,30095.0,33980.0,0.0068738786689937,0.7
van_havre,19,95,0.5,rseto_ipa_lambda0.5,301.64892578125,187.49972534179688,16.0,128.0,137.0,0.5,0.05,50,50,64,9050,projected_sgd,9ad55b69db990f153e8df55d08d68feb60c4decf80bac9cb3feaa01a3daf01f0,0.1592414379119873,4.6863283387210686e-06,0.3990506827831268,2.407885789871216,0.0274652987718582,4.101960122585297,3.410375753430474e-05,8.0,16.0,16.0,137.0,30095.0,33980.0,0.0398103594779968,0.5
van_havre,19,95,0.7,rseto_ipa_lambda0.7,302.5957336425781,186.87779235839844,16.0,128.0,137.0,0.7,0.05,50,50,64,9050,projected_sgd,9ad55b69db990f153e8df55d08d68feb60c4decf80bac9cb3feaa01a3daf01f0,0.5267234444618225,1.5500983863603324e-05,0.7257571220397949,4.288285732269287,0.0286427829414606,4.054218828678131,0.0001449706370319,8.0,16.0,16.0,137.0,30095.0,33980.0,0.047405110001564,0.3
van_havre,19,95,0.9,rseto_ipa_lambda0.9,314.51568603515625,184.97732543945312,16.0,128.0,137.0,0.9,0.05,50,50,64,9050,projected_sgd,9ad55b69db990f153e8df55d08d68feb60c4decf80bac9cb3feaa01a3daf01f0,3.2082574367523193,9.441604925086722e-05,1.7911609411239624,11.435691833496094,0.0245326403528451,3.64133757352829,0.0015842267757558,8.0,16.0,16.0,137.0,30095.0,33980.0,0.0320825743675231,0.0999999999999999
van_havre,19,36,0.1,rseto_ipa_lambda0.1,271.5369873046875,586.1710205078125,16.0,128.0,137.0,0.1,0.05,50,50,64,9050,projected_sgd,344353085eac7599368c8293b9d7b13c9b161e2328eea7c4c8f4372fd91d881f,5.53353238501586e-05,1.6284674719813095e-09,0.0074387718923389,0.6612634062767029,0.0001265474857063,3.8576865196228023,1.5249939581605889e-06,8.0,16.0,16.0,137.0,30036.0,33980.0,4.482161231862847e-05,0.9
van_havre,19,36,0.3,rseto_ipa_lambda0.3,272.1831970214844,193.47035217285156,16.0,128.0,137.0,0.3,0.05,50,50,64,9050,projected_sgd,344353085eac7599368c8293b9d7b13c9b161e2328eea7c4c8f4372fd91d881f,0.1950472742319107,5.740061169490218e-06,0.4416415691375732,1.7364163398742676,0.0646892562508583,3.820098429918289,3.4595659817528356e-05,8.0,16.0,16.0,137.0,30036.0,33980.0,0.0955731643736362,0.7
van_havre,19,36,0.5,rseto_ipa_lambda0.5,273.135009765625,155.51266479492188,16.0,128.0,137.0,0.5,0.05,50,50,64,9050,projected_sgd,344353085eac7599368c8293b9d7b13c9b161e2328eea7c4c8f4372fd91d881f,0.0544757582247257,1.6031711993491626e-06,0.2334004193544387,1.4584226608276367,0.0256115850061178,3.813025116920471,1.0764335408046982e-05,8.0,16.0,16.0,137.0,30036.0,33980.0,0.0136189395561814,0.5
van_havre,19,36,0.7,rseto_ipa_lambda0.7,274.39068603515625,153.3801727294922,16.0,128.0,137.0,0.7,0.05,50,50,64,9050,projected_sgd,344353085eac7599368c8293b9d7b13c9b161e2328eea7c4c8f4372fd91d881f,0.0666292011737823,1.9608357888500905e-06,0.2581263184547424,2.112325668334961,0.0149328550323843,3.778426945209503,1.975881245844643e-05,8.0,16.0,16.0,137.0,30036.0,33980.0,0.0059966281056404,0.3
van_havre,19,36,0.9,rseto_ipa_lambda0.9,297.327392578125,153.0513153076172,16.0,128.0,137.0,0.9,0.05,50,50,64,9050,projected_sgd,344353085eac7599368c8293b9d7b13c9b161e2328eea7c4c8f4372fd91d881f,0.3163078129291534,9.308646440331358e-06,0.5624125003814697,10.91322898864746,0.0026558490935713,3.2896890342235565,0.0001884179529016,8.0,16.0,16.0,137.0,30036.0,33980.0,0.0031630781292915,0.0999999999999999
van_havre,19,32,0.1,rseto_ipa_lambda0.1,284.7645263671875,204.1599273681641,16.0,128.0,137.0,0.1,0.05,50,50,64,9050,projected_sgd,0e8e7ba1b996a83247ff72e097e04945b4323c5a483812f55a660af0e25531b8,7.724701404571533,0.0002273308200528,2.779334783554077,17.752092361450195,0.0245122145861387,10.068707466125488,0.0096284633564209,8.0,16.0,16.0,137.0,30032.0,33980.0,6.257008137702942,0.9
van_havre,19,32,0.3,rseto_ipa_lambda0.3,287.1897277832031,168.01039123535156,16.0,128.0,137.0,0.3,0.05,50,50,64,9050,projected_sgd,0e8e7ba1b996a83247ff72e097e04945b4323c5a483812f55a660af0e25531b8,3.6264896392822266,0.0001067242410499,1.9043344259262085,20.64167022705078,0.0085113160312175,10.835684776306152,0.0098987843204148,8.0,16.0,16.0,137.0,30032.0,33980.0,1.7769799232482908,0.7
van_havre,19,32,0.5,rseto_ipa_lambda0.5,290.1590270996094,164.78880310058594,16.0,128.0,137.0,0.5,0.05,50,50,64,9050,projected_sgd,0e8e7ba1b996a83247ff72e097e04945b4323c5a483812f55a660af0e25531b8,4.698566436767578,0.0001382744667353,2.1676177978515625,25.27357292175293,0.0073558371514081,11.745592594146729,0.0085756407830298,8.0,16.0,16.0,137.0,30032.0,33980.0,1.1746416091918943,0.5
van_havre,19,32,0.7,rseto_ipa_lambda0.7,296.0359191894531,163.79043579101562,16.0,128.0,137.0,0.7,0.05,50,50,64,9050,projected_sgd,0e8e7ba1b996a83247ff72e097e04945b4323c5a483812f55a660af0e25531b8,5.9631524085998535,0.0001754900586092,2.4419567584991455,36.06802749633789,0.0045838574878871,13.489881753921509,0.0098331457735574,8.0,16.0,16.0,137.0,30032.0,33980.0,0.536683716773987,0.3
van_havre,19,32,0.9,rseto_ipa_lambda0.9,310.7772521972656,162.6286163330078,16.0,128.0,137.0,0.9,0.05,50,50,64,9050,projected_sgd,0e8e7ba1b996a83247ff72e097e04945b4323c5a483812f55a660af0e25531b8,35.920570373535156,0.0010571092134341,5.993377208709717,69.92976379394531,0.0073454617522656,17.772637367248535,0.0428095455343801,8.0,16.0,16.0,137.0,30032.0,33980.0,0.3592057037353514,0.0999999999999999
van_havre,19,29,0.1,rseto_ipa_lambda0.1,281.8813171386719,973.93701171875,16.0,128.0,137.0,0.1,0.05,50,50,64,9050,projected_sgd,439de3d690b01dbb6f7a8469b4b9b8672c57793ee92d3786cd52bd508352ce25,0.0002297827304573,6.762293391915364e-09,0.0151585862040519,0.7135060429573059,0.0004513589374255,4.20229172706604,3.0984023006957225e-06,8.0,16.0,16.0,137.0,30029.0,33980.0,0.0001861240116704,0.9
van_havre,19,29,0.3,rseto_ipa_lambda0.3,283.91412353515625,231.7908477783203,16.0,128.0,137.0,0.3,0.05,50,50,64,9050,projected_sgd,439de3d690b01dbb6f7a8469b4b9b8672c57793ee92d3786cd52bd508352ce25,0.009256949648261,2.724234775541845e-07,0.0962130427360534,1.594952940940857,0.0036389173474162,4.151764929294586,5.993428881570903e-06,8.0,16.0,16.0,137.0,30029.0,33980.0,0.0045359053276479,0.7
van_havre,19,29,0.5,rseto_ipa_lambda0.5,288.7604675292969,172.3188018798828,16.0,128.0,137.0,0.5,0.05,50,50,64,9050,projected_sgd,439de3d690b01dbb6f7a8469b4b9b8672c57793ee92d3786cd52bd508352ce25,0.1668572425842285,4.91045466333162e-06,0.408481627702713,3.660266876220703,0.0124543067067861,4.023413717746735,4.0306926974510914e-05,8.0,16.0,16.0,137.0,30029.0,33980.0,0.0417143106460571,0.5
van_havre,19,29,0.7,rseto_ipa_lambda0.7,321.3601989746094,158.9884490966797,16.0,128.0,137.0,0.7,0.05,50,50,64,9050,projected_sgd,439de3d690b01dbb6f7a8469b4b9b8672c57793ee92d3786cd52bd508352ce25,0.9263921976089478,2.726286584220361e-05,0.9624927043914796,9.544880867004396,0.0101684285327792,3.3689481914043427,0.0004849324519428,8.0,16.0,16.0,137.0,30029.0,33980.0,0.0833752977848053,0.3
van_havre,19,29,0.9,rseto_ipa_lambda0.9,353.2664489746094,157.56158447265625,16.0,128.0,137.0,0.9,0.05,50,50,64,9050,projected_sgd,439de3d690b01dbb6f7a8469b4b9b8672c57793ee92d3786cd52bd508352ce25,0.2429820001125335,7.150735655159224e-06,0.4929320514202118,8.385051727294922,0.0034559112973511,2.5542593002319336,0.0004487649874493,8.0,16.0,16.0,137.0,30029.0,33980.0,0.0024298200011253,0.0999999999999999
van_havre,19,18,0.1,rseto_ipa_lambda0.1,289.9388122558594,187.7470703125,16.0,128.0,137.0,0.1,0.05,50,50,64,9050,projected_sgd,4a91b525a05403bd2ba4d60081a6b7d241a91ee42b190c869365c0435cb30eac,0.0010829123202711,3.1869110017623825e-08,0.0329076312482357,0.8401119709014893,0.0015343305421993,3.94320496916771,1.8217996437134128e-06,8.0,16.0,16.0,137.0,30018.0,33980.0,0.0008771589794196,0.9
van_havre,19,18,0.3,rseto_ipa_lambda0.3,290.4673767089844,162.4583282470703,16.0,128.0,137.0,0.3,0.05,50,50,64,9050,projected_sgd,4a91b525a05403bd2ba4d60081a6b7d241a91ee42b190c869365c0435cb30eac,0.0063538057729601,1.869866395054487e-07,0.079710766673088,1.0388187170028689,0.00588781805709,3.9299552738666534,2.323238804129752e-06,8.0,16.0,16.0,137.0,30018.0,33980.0,0.0031133648287504,0.7
van_havre,19,18,0.5,rseto_ipa_lambda0.5,291.2957458496094,157.85183715820312,16.0,128.0,137.0,0.5,0.05,50,50,64,9050,projected_sgd,4a91b525a05403bd2ba4d60081a6b7d241a91ee42b190c869365c0435cb30eac,0.0513137094676494,1.5101149983820503e-06,0.2265252918004989,1.578559160232544,0.0205926243215799,3.905933111906051,8.40459388586266e-06,8.0,16.0,16.0,137.0,30018.0,33980.0,0.0128284273669123,0.5
van_havre,19,18,0.7,rseto_ipa_lambda0.7,294.0568542480469,156.8770294189453,16.0,128.0,137.0,0.7,0.05,50,50,64,9050,projected_sgd,4a91b525a05403bd2ba4d60081a6b7d241a91ee42b190c869365c0435cb30eac,0.0961919501423835,2.830840230672038e-06,0.3101482689380646,3.533660650253296,0.0077035170979797,3.8295492231845856,3.399553599946005e-05,8.0,16.0,16.0,137.0,30018.0,33980.0,0.0086572755128145,0.3
van_havre,19,18,0.9,rseto_ipa_lambda0.9,331.5072021484375,155.45484924316406,16.0,128.0,137.0,0.9,0.05,50,50,64,9050,projected_sgd,4a91b525a05403bd2ba4d60081a6b7d241a91ee42b190c869365c0435cb30eac,0.5563341379165649,1.6372399841202423e-05,0.7458781003952026,11.019550323486328,0.0045815031044185,3.0840975046157837,0.0002418215736952,8.0,16.0,16.0,137.0,30018.0,33980.0,0.0055633413791656,0.0999999999999999
van_havre,19,14,0.1,rseto_ipa_lambda0.1,280.6712646484375,519.2201538085938,16.0,128.0,137.0,0.1,0.05,50,50,64,9050,projected_sgd,8b60cc7cd2d0502657b6d4a688ac57f4e62662c311c90c8b07a99216e8412a45,0.0056485459208488,1.6623148724193018e-07,0.0751568078994751,0.9477025866508484,0.0062891584821045,3.896537333726883,8.577293222344906e-06,8.0,16.0,16.0,137.0,30014.0,33980.0,0.0045753221958875,0.9
van_havre,19,14,0.3,rseto_ipa_lambda0.3,281.7914733886719,191.23049926757812,16.0,128.0,137.0,0.3,0.05,50,50,64,9050,projected_sgd,8b60cc7cd2d0502657b6d4a688ac57f4e62662c311c90c8b07a99216e8412a45,0.0405633598566055,1.19374215046264e-06,0.2014034688472747,1.597057819366455,0.0159034971147775,3.869687110185623,2.581022732682316e-05,8.0,16.0,16.0,137.0,30014.0,33980.0,0.0198760463297367,0.7
van_havre,19,14,0.5,rseto_ipa_lambda0.5,282.3260803222656,173.89390563964844,16.0,128.0,137.0,0.5,0.05,50,50,64,9050,projected_sgd,8b60cc7cd2d0502657b6d4a688ac57f4e62662c311c90c8b07a99216e8412a45,0.0797821730375289,2.3479155970562715e-06,0.2824573814868927,2.220493793487549,0.0161810517311096,3.8462992310523982,3.643236641031373e-05,8.0,16.0,16.0,137.0,30014.0,33980.0,0.0199455432593822,0.5
van_havre,19,14,0.7,rseto_ipa_lambda0.7,288.7165222167969,172.35183715820312,16.0,128.0,137.0,0.7,0.05,50,50,64,9050,projected_sgd,8b60cc7cd2d0502657b6d4a688ac57f4e62662c311c90c8b07a99216e8412a45,0.4822557270526886,1.4192340131558012e-05,0.694446325302124,5.450578212738037,0.0162327531725168,3.6721457839012146,0.0002602139437247,8.0,16.0,16.0,137.0,30014.0,33980.0,0.0434030154347419,0.3
van_havre,19,14,0.9,rseto_ipa_lambda0.9,331.6250305175781,171.35568237304688,16.0,128.0,137.0,0.9,0.05,50,50,64,9050,projected_sgd,8b60cc7cd2d0502657b6d4a688ac57f4e62662c311c90c8b07a99216e8412a45,0.325511634349823,9.57950669544516e-06,0.5705362558364868,9.54892921447754,0.0035699091386049,2.9665758907794952,0.0004241016103969,8.0,16.0,16.0,137.0,30014.0,33980.0,0.0032551163434982,0.0999999999999999
van_havre,19,87,0.1,rseto_ipa_lambda0.1,274.4111022949219,207.04249572753903,16.0,128.0,137.0,0.1,0.05,50,50,64,9050,projected_sgd,2d8482644992adbc5177e00461037ae5db4729538c8910256bd5a2d680a792dc,0.1708861589431762,5.02902184962295e-06,0.4133837819099426,9.845766067504885,0.0017628194764256,15.560486078262327,0.0001217556228506,8.0,16.0,16.0,137.0,30087.0,33980.0,0.1384177887439727,0.9
van_havre,19,87,0.3,rseto_ipa_lambda0.3,274.6928405761719,193.09271240234375,16.0,128.0,137.0,0.3,0.05,50,50,64,9050,projected_sgd,2d8482644992adbc5177e00461037ae5db4729538c8910256bd5a2d680a792dc,0.880680501461029,2.5917614038917236e-05,0.938445806503296,11.998761177062988,0.006117099430412,15.678505182266235,0.0002776182777779,8.0,16.0,16.0,137.0,30087.0,33980.0,0.4315334457159042,0.7
van_havre,19,87,0.5,rseto_ipa_lambda0.5,275.34515380859375,179.11459350585938,16.0,128.0,137.0,0.5,0.05,50,50,64,9050,projected_sgd,2d8482644992adbc5177e00461037ae5db4729538c8910256bd5a2d680a792dc,5.6026225090026855,0.0001648800098337,2.366986036300659,16.811992645263672,0.0198222510516643,15.944117665290833,0.001271177757433,8.0,16.0,16.0,137.0,30087.0,33980.0,1.4006556272506714,0.5
van_havre,19,87,0.7,rseto_ipa_lambda0.7,276.39453125,172.0772247314453,16.0,128.0,137.0,0.7,0.05,50,50,64,9050,projected_sgd,2d8482644992adbc5177e00461037ae5db4729538c8910256bd5a2d680a792dc,8296.361328125,0.2441542446613311,91.08436584472656,64.7085952758789,1.9813612699508667,16.592376947402954,0.0909539330245934,8.0,16.0,16.0,137.0,30087.0,33980.0,746.6725195312503,0.3
van_havre,19,87,0.9,rseto_ipa_lambda0.9,288.3671569824219,164.92030334472656,16.0,128.0,137.0,0.9,0.05,50,50,64,9050,projected_sgd,2d8482644992adbc5177e00461037ae5db4729538c8910256bd5a2d680a792dc,1112.451904296875,0.0327384322881698,33.35343933105469,165.35018920898438,0.0406885184347629,22.46254301071167,0.9446224201723712,8.0,16.0,16.0,137.0,30087.0,33980.0,11.124519042968744,0.0999999999999999
van_havre,24,82,0.1,rseto_ipa_lambda0.1,294.926513671875,240.8151397705078,16.0,128.0,137.0,0.1,0.05,50,50,64,9050,projected_sgd,f65e2e3fee45552dfb040927016ac1bc1e174b76c30dedf9d31858b6be12e52a,0.0123820817098021,3.5116511298838304e-07,0.1112748011946678,0.7008085250854492,0.0252112802118062,3.899761974811554,1.6609269672634191e-06,8.0,16.0,16.0,137.0,30082.0,35260.0,0.0100294861849397,0.9
van_havre,24,82,0.3,rseto_ipa_lambda0.3,296.0772399902344,200.65135192871097,16.0,128.0,137.0,0.3,0.05,50,50,64,9050,projected_sgd,f65e2e3fee45552dfb040927016ac1bc1e174b76c30dedf9d31858b6be12e52a,0.0575313083827495,1.6316309938702034e-06,0.2398568540811538,0.9993153214454652,0.0576101690530777,3.885402411222458,5.933609152464214e-06,8.0,16.0,16.0,137.0,30082.0,35260.0,0.0281903411075472,0.7
van_havre,24,82,0.5,rseto_ipa_lambda0.5,296.24652099609375,194.09266662597656,16.0,128.0,137.0,0.5,0.05,50,50,64,9050,projected_sgd,f65e2e3fee45552dfb040927016ac1bc1e174b76c30dedf9d31858b6be12e52a,0.2655355334281921,7.530786660936428e-06,0.5153014063835144,1.7175047397613523,0.0900174528360366,3.869441330432892,1.7603170862555218e-05,8.0,16.0,16.0,137.0,30082.0,35260.0,0.066383883357048,0.5
van_havre,24,82,0.7,rseto_ipa_lambda0.7,297.3684997558594,193.7944793701172,16.0,128.0,137.0,0.7,0.05,50,50,64,9050,projected_sgd,f65e2e3fee45552dfb040927016ac1bc1e174b76c30dedf9d31858b6be12e52a,0.2938308417797088,8.333262485393789e-06,0.5420616865158081,2.253741502761841,0.0578481070697307,3.842087060213089,5.686311535616336e-05,8.0,16.0,16.0,137.0,30082.0,35260.0,0.0264447757601738,0.3
van_havre,24,82,0.9,rseto_ipa_lambda0.9,301.0364685058594,192.74966430664065,16.0,128.0,137.0,0.9,0.05,50,50,64,9050,projected_sgd,f65e2e3fee45552dfb040927016ac1bc1e174b76c30dedf9d31858b6be12e52a,1.991207242012024,5.6472126743756235e-05,1.411101460456848,7.770236968994141,0.0329797938466072,3.6989188194274902,0.000532152517735,8.0,16.0,16.0,137.0,30082.0,35260.0,0.0199120724201202,0.0999999999999999
van_havre,24,15,0.1,rseto_ipa_lambda0.1,304.0721435546875,207.7507476806641,16.0,128.0,137.0,0.1,0.05,50,50,64,9050,projected_sgd,5a78676afe9eb620446c1fe56d9a29cfcfcf328a303b8ba592aa354981a60fa2,0.0028718919493258,8.14490093148379e-08,0.0535900369286537,1.276801347732544,0.0017616573022678,3.971180528402329,1.8331441771530471e-06,8.0,16.0,16.0,137.0,30015.0,35260.0,0.0023262324789538,0.9
van_havre,24,15,0.3,rseto_ipa_lambda0.3,306.6618347167969,174.41500854492188,16.0,128.0,137.0,0.3,0.05,50,50,64,9050,projected_sgd,5a78676afe9eb620446c1fe56d9a29cfcfcf328a303b8ba592aa354981a60fa2,0.0253307372331619,7.183986667769204e-07,0.159156322479248,1.9230897426605225,0.0068493401631712,3.930310487747192,5.953519283658741e-06,8.0,16.0,16.0,137.0,30015.0,35260.0,0.0124120612442493,0.7
van_havre,24,15,0.5,rseto_ipa_lambda0.5,314.5096130371094,167.7898406982422,16.0,128.0,137.0,0.5,0.05,50,50,64,9050,projected_sgd,5a78676afe9eb620446c1fe56d9a29cfcfcf328a303b8ba592aa354981a60fa2,0.0703429654240608,1.994979129449348e-06,0.2652224898338318,4.047872066497803,0.0042930617928504,3.8131851255893703,1.6591134371627243e-05,8.0,16.0,16.0,137.0,30015.0,35260.0,0.0175857413560152,0.5
van_havre,24,15,0.7,rseto_ipa_lambda0.7,335.7119140625,166.58261108398438,16.0,128.0,137.0,0.7,0.05,50,50,64,9050,projected_sgd,5a78676afe9eb620446c1fe56d9a29cfcfcf328a303b8ba592aa354981a60fa2,0.1906009763479232,5.405586307460908e-06,0.4365787208080292,4.854726314544678,0.0080871516838669,3.5008300840854645,5.027103793407507e-05,8.0,16.0,16.0,137.0,30015.0,35260.0,0.0171540878713131,0.3
van_havre,24,15,0.9,rseto_ipa_lambda0.9,383.3762817382813,166.16993713378906,16.0,128.0,137.0,0.9,0.05,50,50,64,9050,projected_sgd,5a78676afe9eb620446c1fe56d9a29cfcfcf328a303b8ba592aa354981a60fa2,19.9785213470459,0.0005666058277711,4.469733715057373,12.647016525268556,0.1249071136116981,2.8113835155963898,0.0004305299962561,8.0,16.0,16.0,137.0,30015.0,35260.0,0.1997852134704588,0.0999999999999999
van_havre,24,4,0.1,rseto_ipa_lambda0.1,273.2720642089844,190.77377319335935,16.0,128.0,137.0,0.1,0.05,50,50,64,9050,projected_sgd,24f8fdf6639f15d45bc8b33c914ce3cae4852577ec012af04d0679354cfd478e,0.0048495857045054,1.375378815282602e-07,0.069638967514038,0.5359102487564087,0.0168857555836439,3.7889289259910583,5.522701367713775e-06,8.0,16.0,16.0,137.0,30004.0,35260.0,0.0039281644206494,0.9
van_havre,24,4,0.3,rseto_ipa_lambda0.3,273.5869140625,163.62088012695312,16.0,128.0,137.0,0.3,0.05,50,50,64,9050,projected_sgd,24f8fdf6639f15d45bc8b33c914ce3cae4852577ec012af04d0679354cfd478e,0.0113561982288956,3.220702922135388e-07,0.1065654680132865,0.9309923648834229,0.0131020946428179,3.7755225002765656,1.0803900253668936e-05,8.0,16.0,16.0,137.0,30004.0,35260.0,0.0055645371321588,0.7
van_havre,24,4,0.5,rseto_ipa_lambda0.5,273.95526123046875,157.57833862304688,16.0,128.0,137.0,0.5,0.05,50,50,64,9050,projected_sgd,24f8fdf6639f15d45bc8b33c914ce3cae4852577ec012af04d0679354cfd478e,0.040240965783596,1.1412639651098289e-06,0.2006015032529831,1.360201120376587,0.0217501427978277,3.756220579147339,1.5507840868979527e-05,8.0,16.0,16.0,137.0,30004.0,35260.0,0.010060241445899,0.5
van_havre,24,4,0.7,rseto_ipa_lambda0.7,274.6515808105469,154.7968292236328,16.0,128.0,137.0,0.7,0.05,50,50,64,9050,projected_sgd,24f8fdf6639f15d45bc8b33c914ce3cae4852577ec012af04d0679354cfd478e,0.0482258945703506,1.367722461509402e-06,0.219603955745697,2.251232147216797,0.0095156775787472,3.716468244791031,4.282259294439784e-05,8.0,16.0,16.0,137.0,30004.0,35260.0,0.0043403305113315,0.3
van_havre,24,4,0.9,rseto_ipa_lambda0.9,284.542724609375,153.23516845703125,16.0,128.0,137.0,0.9,0.05,50,50,64,9050,projected_sgd,24f8fdf6639f15d45bc8b33c914ce3cae4852577ec012af04d0679354cfd478e,0.2401412725448608,6.810586455685552e-06,0.490042120218277,4.079230785369873,0.0144314598292112,3.557220578193665,9.498731711638746e-05,8.0,16.0,16.0,137.0,30004.0,35260.0,0.0024014127254486,0.0999999999999999
van_havre,24,95,0.1,rseto_ipa_lambda0.1,297.3778381347656,254.9888916015625,16.0,128.0,137.0,0.1,0.05,50,50,64,9050,projected_sgd,034a99a1b5b26fc7df9732d0902f029688a018e153bc371c25ec215c4322a6d6,0.0044205896556377,1.2537122984213056e-07,0.0664875134825706,1.6060330867767334,0.0017138436669483,3.801015257835388,6.843844305746773e-06,8.0,16.0,16.0,137.0,30095.0,35260.0,0.0035806776210665,0.9
van_havre,24,95,0.3,rseto_ipa_lambda0.3,298.92889404296875,193.5207977294922,16.0,128.0,137.0,0.3,0.05,50,50,64,9050,projected_sgd,034a99a1b5b26fc7df9732d0902f029688a018e153bc371c25ec215c4322a6d6,0.0224077329039573,6.355001005431404e-07,0.1496921330690384,2.1987874507904053,0.0046348050236701,3.764636516571045,1.0603763387605016e-05,8.0,16.0,16.0,137.0,30095.0,35260.0,0.0109797891229391,0.7
van_havre,24,95,0.5,rseto_ipa_lambda0.5,301.2226867675781,191.1608734130859,16.0,128.0,137.0,0.5,0.05,50,50,64,9050,projected_sgd,034a99a1b5b26fc7df9732d0902f029688a018e153bc371c25ec215c4322a6d6,0.055288016796112,1.5680095657444326e-06,0.2351340353488922,2.930210828781128,0.0064392206259071,3.714529871940613,1.2815516259122108e-05,8.0,16.0,16.0,137.0,30095.0,35260.0,0.013822004199028,0.5
van_havre,24,95,0.7,rseto_ipa_lambda0.7,308.1734619140625,190.4457550048828,16.0,128.0,137.0,0.7,0.05,50,50,64,9050,projected_sgd,034a99a1b5b26fc7df9732d0902f029688a018e153bc371c25ec215c4322a6d6,12.11387062072754,0.0003435584367252,3.4804985523223877,4.956910133361816,0.4930157959461212,3.5620982348918915,0.0001037313402229,8.0,16.0,16.0,137.0,30095.0,35260.0,1.0902483558654787,0.3
van_havre,24,95,0.9,rseto_ipa_lambda0.9,326.551513671875,190.6306304931641,16.0,128.0,137.0,0.9,0.05,50,50,64,9050,projected_sgd,034a99a1b5b26fc7df9732d0902f029688a018e153bc371c25ec215c4322a6d6,20.920734405517575,0.0005933276843279,4.57391881942749,10.127204895019531,0.2039847522974014,3.1585894227027893,0.0012840095983059,8.0,16.0,16.0,137.0,30095.0,35260.0,0.2092073440551757,0.0999999999999999
van_havre,24,36,0.1,rseto_ipa_lambda0.1,285.22125244140625,274.8568420410156,16.0,128.0,137.0,0.1,0.05,50,50,64,9050,projected_sgd,38edd7c92e557218e0e5da00079ebae40f281643899ce6f87ea9cc759703b5d7,4.455353736877441,0.0001263571612071,2.1107709407806396,19.96569061279297,0.011176697909832,19.200542211532593,0.0038304639242596,8.0,16.0,16.0,137.0,30036.0,35260.0,3.608836526870728,0.9
van_havre,24,36,0.3,rseto_ipa_lambda0.3,289.7851257324219,195.8955841064453,16.0,128.0,137.0,0.3,0.05,50,50,64,9050,projected_sgd,38edd7c92e557218e0e5da00079ebae40f281643899ce6f87ea9cc759703b5d7,0.7215527296066284,2.046377630904317e-05,0.8494426012039185,19.914813995361328,0.0018193470314145,20.17957329750061,0.0013849506082286,8.0,16.0,16.0,137.0,30036.0,35260.0,0.3535608375072478,0.7
van_havre,24,36,0.5,rseto_ipa_lambda0.5,295.3609619140625,156.33396911621094,16.0,128.0,137.0,0.5,0.05,50,50,64,9050,projected_sgd,38edd7c92e557218e0e5da00079ebae40f281643899ce6f87ea9cc759703b5d7,9.542052268981934,0.0002706197556108,3.0890212059020996,28.19634056091309,0.0120020741596817,21.325639009475708,0.0036547840748945,8.0,16.0,16.0,137.0,30036.0,35260.0,2.3855130672454834,0.5
van_havre,24,36,0.7,rseto_ipa_lambda0.7,303.077880859375,156.4031219482422,16.0,128.0,137.0,0.7,0.05,50,50,64,9050,projected_sgd,38edd7c92e557218e0e5da00079ebae40f281643899ce6f87ea9cc759703b5d7,12.938215255737305,0.0003669374855235,3.596973180770874,39.539405822753906,0.0082758786156773,22.8644962310791,0.0068834999536712,8.0,16.0,16.0,137.0,30036.0,35260.0,1.1644393730163578,0.3
van_havre,24,36,0.9,rseto_ipa_lambda0.9,317.20172119140625,154.47091674804688,16.0,128.0,137.0,0.9,0.05,50,50,64,9050,projected_sgd,38edd7c92e557218e0e5da00079ebae40f281643899ce6f87ea9cc759703b5d7,1018.5621337890624,0.0288871843367815,31.91492080688477,92.3692626953125,0.1193802803754806,25.50170207023621,0.122731077886978,8.0,16.0,16.0,137.0,30036.0,35260.0,10.18562133789062,0.0999999999999999
van_havre,24,32,0.1,rseto_ipa_lambda0.1,287.4114685058594,196.0328063964844,16.0,128.0,137.0,0.1,0.05,50,50,64,9050,projected_sgd,7ddc4c2625d48f6738f51037be51831c37c04e58a0aa4965b9790c3ecd0145bb,0.0027292636223137,7.740396057442922e-08,0.0522423535585403,2.077709674835205,0.0006322308909147,3.9662948548793793,8.825545006426897e-06,8.0,16.0,16.0,137.0,30032.0,35260.0,0.0022107035340741,0.9
van_havre,24,32,0.3,rseto_ipa_lambda0.3,290.7375793457031,177.43984985351562,16.0,128.0,137.0,0.3,0.05,50,50,64,9050,projected_sgd,7ddc4c2625d48f6738f51037be51831c37c04e58a0aa4965b9790c3ecd0145bb,0.0253770127892494,7.197110676315788e-07,0.1593016386032104,2.1681997776031494,0.0053981123492121,3.89248788356781,1.407916735323462e-05,8.0,16.0,16.0,137.0,30032.0,35260.0,0.0124347362667322,0.7
van_havre,24,32,0.5,rseto_ipa_lambda0.5,293.9270935058594,166.75360107421875,16.0,128.0,137.0,0.5,0.05,50,50,64,9050,projected_sgd,7ddc4c2625d48f6738f51037be51831c37c04e58a0aa4965b9790c3ecd0145bb,0.0606872104108333,1.7211347085321904e-06,0.2463477402925491,2.6550838947296143,0.0086087612435221,3.8144030272960663,2.2408536055300893e-05,8.0,16.0,16.0,137.0,30032.0,35260.0,0.0151718026027083,0.5
van_havre,24,32,0.7,rseto_ipa_lambda0.7,297.5864562988281,164.6085662841797,16.0,128.0,137.0,0.7,0.05,50,50,64,9050,projected_sgd,7ddc4c2625d48f6738f51037be51831c37c04e58a0aa4965b9790c3ecd0145bb,0.1623604148626327,4.604662990459474e-06,0.4029397070407867,4.4293060302734375,0.0082757771015167,3.7053743302822113,6.622747762869656e-05,8.0,16.0,16.0,137.0,30032.0,35260.0,0.0146124373376369,0.3
van_havre,24,32,0.9,rseto_ipa_lambda0.9,315.3803405761719,163.92552185058594,16.0,128.0,137.0,0.9,0.05,50,50,64,9050,projected_sgd,7ddc4c2625d48f6738f51037be51831c37c04e58a0aa4965b9790c3ecd0145bb,5.733095169067383,0.0001625948643777,2.394388198852539,14.250593185424805,0.0282308049499988,3.17456117272377,0.0008257710953774,8.0,16.0,16.0,137.0,30032.0,35260.0,0.0573309516906738,0.0999999999999999
van_havre,24,29,0.1,rseto_ipa_lambda0.1,302.0845642089844,188.829833984375,16.0,128.0,137.0,0.1,0.05,50,50,64,9050,projected_sgd,ebc5b3dcf6b371418d919278962342ffc5663f5fc9ed357ebc15e858e930a4bf,0.0006233628373593,1.7679036901085965e-08,0.0249672345817089,0.9871337413787842,0.000639718491584,4.146964490413666,2.9057496533368976e-06,8.0,16.0,16.0,137.0,30029.0,35260.0,0.000504923898261,0.9
van_havre,24,29,0.3,rseto_ipa_lambda0.3,302.9257507324219,174.80099487304688,16.0,128.0,137.0,0.3,0.05,50,50,64,9050,projected_sgd,ebc5b3dcf6b371418d919278962342ffc5663f5fc9ed357ebc15e858e930a4bf,0.0082996506243944,2.35384305824482e-07,0.0911024212837219,1.194507718086243,0.005816769786179,4.1326780915260315,4.1515068939393785e-06,8.0,16.0,16.0,137.0,30029.0,35260.0,0.0040668288059532,0.7
van_havre,24,29,0.5,rseto_ipa_lambda0.5,304.2437438964844,167.078125,16.0,128.0,137.0,0.5,0.05,50,50,64,9050,projected_sgd,ebc5b3dcf6b371418d919278962342ffc5663f5fc9ed357ebc15e858e930a4bf,0.0407873056828975,1.1567585715965834e-06,0.2019586712121963,1.5919489860534668,0.0160941015928983,4.109914422035217,9.514888574813083e-06,8.0,16.0,16.0,137.0,30029.0,35260.0,0.0101968264207243,0.5
van_havre,24,29,0.7,rseto_ipa_lambda0.7,306.768798828125,164.39662170410156,16.0,128.0,137.0,0.7,0.05,50,50,64,9050,projected_sgd,ebc5b3dcf6b371418d919278962342ffc5663f5fc9ed357ebc15e858e930a4bf,0.2532596588134765,7.182633453339804e-06,0.5032491087913513,2.752979040145874,0.0334164425730705,4.062625348567963,4.236258716819715e-05,8.0,16.0,16.0,137.0,30029.0,35260.0,0.0227933692932128,0.3
van_havre,24,29,0.9,rseto_ipa_lambda0.9,314.4352111816406,160.9263153076172,16.0,128.0,137.0,0.9,0.05,50,50,64,9050,projected_sgd,ebc5b3dcf6b371418d919278962342ffc5663f5fc9ed357ebc15e858e930a4bf,1.5309758186340332,4.341961903264746e-05,1.2373260259628296,10.422581672668455,0.0140934633091092,3.871978640556335,0.0003619744576813,8.0,16.0,16.0,137.0,30029.0,35260.0,0.0153097581863403,0.0999999999999999
van_havre,24,18,0.1,rseto_ipa_lambda0.1,291.1172790527344,161.2217559814453,16.0,128.0,137.0,0.1,0.05,50,50,64,9050,projected_sgd,0e2f7db9d430b70dafb98508e2df300aff9a26a16a7056561d22b8ab74998288,0.0005423763650469,1.5382200402314083e-08,0.0232889745384454,0.6496513485908508,0.0012851093197241,3.858313649892807,2.0157435745967893e-06,8.0,16.0,16.0,137.0,30018.0,35260.0,0.000439324855688,0.9
van_havre,24,18,0.3,rseto_ipa_lambda0.3,291.6061096191406,156.6827850341797,16.0,128.0,137.0,0.3,0.05,50,50,64,9050,projected_sgd,0e2f7db9d430b70dafb98508e2df300aff9a26a16a7056561d22b8ab74998288,0.0019807703793048,5.617613041408732e-08,0.0445058457553386,0.7863274216651917,0.0032035189215093,3.848129004240036,2.561517093673566e-06,8.0,16.0,16.0,137.0,30018.0,35260.0,0.0009705774858593,0.7
van_havre,24,18,0.5,rseto_ipa_lambda0.5,292.1644287109375,155.74758911132812,16.0,128.0,137.0,0.5,0.05,50,50,64,9050,projected_sgd,0e2f7db9d430b70dafb98508e2df300aff9a26a16a7056561d22b8ab74998288,0.0143743939697742,4.07668579782694e-07,0.1198932603001594,1.0102169513702393,0.0140851093456149,3.835370659828186,3.3623427303349932e-06,8.0,16.0,16.0,137.0,30018.0,35260.0,0.0035935984924435,0.5
van_havre,24,18,0.7,rseto_ipa_lambda0.7,293.0474548339844,154.9870147705078,16.0,128.0,137.0,0.7,0.05,50,50,64,9050,projected_sgd,0e2f7db9d430b70dafb98508e2df300aff9a26a16a7056561d22b8ab74998288,0.067115694284439,1.9034513343285653e-06,0.2590669691562652,1.478095531463623,0.0307198502123355,3.813446313142777,8.607280789314181e-06,8.0,16.0,16.0,137.0,30018.0,35260.0,0.0060404124855995,0.3
van_havre,24,18,0.9,rseto_ipa_lambda0.9,294.5948181152344,154.57203674316406,16.0,128.0,137.0,0.9,0.05,50,50,64,9050,projected_sgd,0e2f7db9d430b70dafb98508e2df300aff9a26a16a7056561d22b8ab74998288,0.1592074334621429,4.51524192612851e-06,0.3990080654621124,2.575951099395752,0.0239931978285312,3.7661392092704777,5.3523677085617495e-05,8.0,16.0,16.0,137.0,30018.0,35260.0,0.0015920743346214,0.0999999999999999
van_havre,24,14,0.1,rseto_ipa_lambda0.1,310.2829895019531,203.21717834472656,16.0,128.0,137.0,0.1,0.05,50,50,64,9050,projected_sgd,2c92acfd77cf80bff02e46f06aa0e2ca1ff366c0ffab8f9b69d5edf783a95097,0.07195945084095,2.0408238015079405e-06,0.2682525813579559,2.41016149520874,0.0123878382146358,3.9782285392284393,1.2097212909623067e-05,8.0,16.0,16.0,137.0,30014.0,35260.0,0.0582871551811695,0.9
van_havre,24,14,0.3,rseto_ipa_lambda0.3,318.6878662109375,179.7293701171875,16.0,128.0,137.0,0.3,0.05,50,50,64,9050,projected_sgd,2c92acfd77cf80bff02e46f06aa0e2ca1ff366c0ffab8f9b69d5edf783a95097,0.0768027752637863,2.1781841041956795e-06,0.2771331369876861,2.9445059299468994,0.0088583342730999,3.847287744283676,4.061860571218696e-05,8.0,16.0,16.0,137.0,30014.0,35260.0,0.0376333598792552,0.7
van_havre,24,14,0.5,rseto_ipa_lambda0.5,325.15704345703125,171.64183044433594,16.0,128.0,137.0,0.5,0.05,50,50,64,9050,projected_sgd,2c92acfd77cf80bff02e46f06aa0e2ca1ff366c0ffab8f9b69d5edf783a95097,0.0350101068615913,9.929128736985149e-07,0.1871098726987838,3.51009202003479,0.0028415576089173,3.734722137451172,6.515480973640868e-05,8.0,16.0,16.0,137.0,30014.0,35260.0,0.0087525267153978,0.5
van_havre,24,14,0.7,rseto_ipa_lambda0.7,341.0641174316406,170.01559448242188,16.0,128.0,137.0,0.7,0.05,50,50,64,9050,projected_sgd,2c92acfd77cf80bff02e46f06aa0e2ca1ff366c0ffab8f9b69d5edf783a95097,0.2407791912555694,6.828678124293219e-06,0.4906925559043884,6.673311233520508,0.0054067485034465,3.457353502511978,0.000141095177825,8.0,16.0,16.0,137.0,30014.0,35260.0,0.0216701272130012,0.3
van_havre,24,14,0.9,rseto_ipa_lambda0.9,374.576416015625,168.61228942871094,16.0,128.0,137.0,0.9,0.05,50,50,64,9050,projected_sgd,2c92acfd77cf80bff02e46f06aa0e2ca1ff366c0ffab8f9b69d5edf783a95097,0.1506434977054596,4.272362275514752e-06,0.3881281912326813,7.983100891113281,0.0023637805134058,2.9202422201633453,0.0002281457885818,8.0,16.0,16.0,137.0,30014.0,35260.0,0.0015064349770545,0.0999999999999999
van_havre,24,87,0.1,rseto_ipa_lambda0.1,297.0774841308594,272.01336669921875,16.0,128.0,137.0,0.1,0.05,50,50,64,9050,projected_sgd,e4453e527e95ae1c147f9b7a80fde3dc501e467112c48e3eac40895c6108e4ee,0.0013273917138576,3.7645822459353446e-08,0.0364333875477314,1.3699395656585691,0.0007072880398482,3.569978654384613,1.3806052229321204e-05,8.0,16.0,16.0,137.0,30087.0,35260.0,0.0010751872882246,0.9
van_havre,24,87,0.3,rseto_ipa_lambda0.3,299.1148376464844,193.22129821777344,16.0,128.0,137.0,0.3,0.05,50,50,64,9050,projected_sgd,e4453e527e95ae1c147f9b7a80fde3dc501e467112c48e3eac40895c6108e4ee,0.4715085625648498,1.3372336070460731e-05,0.6866648197174072,2.1220083236694336,0.1047117561101913,3.524821490049362,6.120279060135252e-05,8.0,16.0,16.0,137.0,30087.0,35260.0,0.2310391956567763,0.7
van_havre,24,87,0.5,rseto_ipa_lambda0.5,304.3518371582031,176.25794982910156,16.0,128.0,137.0,0.5,0.05,50,50,64,9050,projected_sgd,e4453e527e95ae1c147f9b7a80fde3dc501e467112c48e3eac40895c6108e4ee,0.358508437871933,1.01675677797175e-05,0.5987557172775269,3.576092481613159,0.0280337948352098,3.4235052168369293,8.080123110789015e-05,8.0,16.0,16.0,137.0,30087.0,35260.0,0.0896271094679832,0.5
van_havre,24,87,0.7,rseto_ipa_lambda0.7,319.2198181152344,173.89768981933594,16.0,128.0,137.0,0.7,0.05,50,50,64,9050,projected_sgd,e4453e527e95ae1c147f9b7a80fde3dc501e467112c48e3eac40895c6108e4ee,1.393368124961853,3.95169627154246e-05,1.1804101467132568,6.066359043121338,0.0378625318408012,3.139466106891632,0.0002937134729847,8.0,16.0,16.0,137.0,30087.0,35260.0,0.1254031312465668,0.3
van_havre,24,87,0.9,rseto_ipa_lambda0.9,346.7523193359375,172.70635986328125,16.0,128.0,137.0,0.9,0.05,50,50,64,9050,projected_sgd,e4453e527e95ae1c147f9b7a80fde3dc501e467112c48e3eac40895c6108e4ee,0.825761079788208,2.3419202989316545e-05,0.90871399641037,11.576349258422852,0.0061618504114449,2.5102353394031525,0.0009918203698627,8.0,16.0,16.0,137.0,30087.0,35260.0,0.008257610797882,0.0999999999999999
